Cross Images Services ;HW Serial number;","
APPLICATION;DEH451561F;","
Infrastructure;CZC7210W85;","
Infrastructure;0510AN00D7;","
APPLICATION;689042;","
APPLICATION;DEH451561E;","
APPLICATION;99E0417;","
Infrastructure;689031;","
Infrastructure;689041;","
Infrastructure;8945CJP30208;","
Infrastructure;CZJ72005400;","
Infrastructure;DEH480248R;","
APPLICATION;0806NNN05R;","
APPLICATION;DEH451561H;","
DATABASE;06T8068;","
APPLICATION;06D3963;","
APPLICATION;06D3963;","
Infrastructure;KDZRRTD;","
APPLICATION;KDWYYZY;","
Infrastructure;KDZRRRY;","
APPLICATION;99C7996;","
APPLICATION;99C8011;","
APPLICATION;99C7998;","
APPLICATION;99C8006;","
APPLICATION;99C8002;","
APPLICATION;99C8013;","
APPLICATION;689031;","
DATABASE;06T8068;","
Infrastructure;99A4686;","
APPLICATION;689042;","
DATABASE;99A4690;","
DATABASE;99A4688;","
DATABASE;99D6445;","
DATABASE;99D6448;","
DATABASE;PX60919018;","
DATABASE;PX60919019;","
APPLICATION;BEL0922A4X;","
APPLICATION;BEL0922ABH;","
APPLICATION;BEL0922A9J;","
Infrastructure;0911ALE859;","
Infrastructure;0911ALE858;","
DATABASE;99A4739;","
APPLICATION;689040;","
APPLICATION;06D3963;","
APPLICATION;0926ALF2C6;","
APPLICATION;0919BD028C;","
APPLICATION;0926ALF2A3;","
Infrastructure;0926ALF2A5;","
APPLICATION;PX60915168;","
Infrastructure;BEL0922A88;","
Infrastructure;0911ALE859;","
Infrastructure;0911ALE858;","
Infrastructure;0926ALF2A5;","
DATABASE;99A5486;","
Infrastructure;BEL0922A88;","
APPLICATION;06D3994;","
APPLICATION;689031;","
Infrastructure;689031;","
infrastructure;99E2201;","
infrastructure;99E0612;","
infrastructure;99E2122;","
infrastructure;99E2109;","
Infrastructure;99A4784;","
Infrastructure;99E2125;","
Infrastructure;0725TL11B6;","
Infrastructure;0724TL40JW;","
Infrastructure;6582AFB;","
Infrastructure;6582AEB;","
APPLICATION;06D3963;","
APPLICATION;KD55H2N;","
Infrastructure;KD55B4W;","
APPLICATION;646575;","
APPLICATION;689038;","
APPLICATION;689042;","
APPLICATION;06D3994;","
APPLICATION;06D3963;","
APPLICATION;06M4100;","
Infrastructure;06D3994;","
Infrastructure;689042;","
Infrastructure;CZ25390H5F;","
Infrastructure;CZ25390H5J;","
infrastructure;KD68C32;","
infrastructure;KD68C55;","
Infrastructure;689041;","
Infrastructure;06M4100;","
APPLICATION;99E0417;","
Infrastructure;KD55H2B;","
Infrastructure;KD55C2Z;","
Infrastructure;99G5639;","
DATABASE;99G4184;","
DATABASE;99G4190;","
APPLICATION;KD28VGH;","
APPLICATION;06X6492;","
APPLICATION;06M4100;","
Infrastructure;06T8148;","
Infrastructure;06V0102;","
Infrastructure;06M4091;","
Infrastructure;06V0102;","
APPLICATION;0806NNN059;","
DATABASE;689032;","
APPLICATION;06XBZ97;","
Infrastructure;689042;","
Infrastructure;CZ25390H5C;","
Infrastructure;06X6492;","
APPLICATION;646576;","
Infrastructure;99E0417;","
APPLICATION;99C8001;","
APPLICATION;99C8022;","
Infrastructure;06D3961;","
APPLICATION;689038;","
Infrastructure;06DD1DP;","
Infrastructure;06DD1DP;","
APPLICATION;689038;","
APPLICATION;KD55H2A;","
APPLICATION;06ZDFG4;","
APPLICATION;06ZDFG4;","
Infrastructure;689040;","
Infrastructure;06D3961;","
Infrastructure;99E0417;","
APPLICATION;06D3994;","
APPLICATION;06D3963;","
APPLICATION;689040;","
Infrastructure;99E0417;","
Infrastructure;99E0417;","
Infrastructure;06D3963;","
Infrastructure;06BK231;","
DATABASE;689034;","
APPLICATION;06ZDFG5;","
Infrastructure;99E0417;","
APPLICATION;06D3994;","
APPLICATION;689041;","
DATABASE;06ZDFG2;","
APPLICATION;689041;","
DATABASE;06ZDFG0;","
APPLICATION;06T8142;","
APPLICATION;06T8142;","
APPLICATION;06T8142;","
APPLICATION;689027;","
DATABASE;06D3961;","
DATABASE;689040;","
DATABASE;646575;","
APPLICATION;99E0417;","
APPLICATION;06X6492;","
APPLICATION;06D3994;","
Infrastructure;CZ3328JM6T;","
APPLICATION;CZ32430J3N;","
APPLICATION;CZ32430J3N;","
APPLICATION;CZ32430J3N;","
Database;CZ32430J3N;","
Database;CZ32430J3N;","
Database;CZ32430J3N;","
APPLICATION;;","
APPLICATION;;","
Infrastructure;;","
APPLICATION;;","
Infrastructure;;","
Infrastructure;;","
DATABASE;06ZDPZ6;","
APPLICATION;646575;","
APPLICATION;06D3963;","
APPLICATION;99C8210;","
DATABASE;06ZDFG4;","
Infrastructure;;","
APPLICATION;;","
Infrastructure;;","
Infrastructure;;","
Infrastructure;06X6492;","
APPLICATION;CZJ450098Z;","
APPLICATION;CZJ450098Z;","
APPLICATION;CZJ4500995;","
APPLICATION;CZJ4500995;","
APPLICATION;CZJ4500995;","
APPLICATION;CZJ4500995;","
DATABASE;CZJ450099C;","
DATABASE;CZJ4500990;","
DATABASE;06X6492;","
DATABASE;CZJ4500996;","
DATABASE;CZJ2390PR5;","
DATABASE;CZJ2511H1J;","
Infrastructure;CZ34122RM2;","
APPLICATION;FCH213976C4;","
APPLICATION;CZJ2511H1R;","
DATABASE;CZJ450099D;","
DATABASE;CZ34122RLM;","
DATABASE;CZJ4500997;","
DATABASE;CZJ450098Z;","
DATABASE;CZ34122RLP;","
DATABASE;06ZDFG3;","
Infrastructure;CZ34122RM6;","
DATABASE;CZ23510BG3;","
DATABASE;CZ3328JVJB;","
APPLICATION;CZJ2511H15;","
DATABASE;CZJ2511H1Q;","
Infrastructure;CZJ2511H12;","
Infrastructure;CZ3325HKC5;","
Infrastructure;CZJ2511H1P;","
DATABASE;CZ25390H5D;","
DATABASE;CZ3328JVJF;","
DATABASE;CZ3325HKC5;","
Infrastructure;CZ34122RLV;","
APPLICATION;FCH21377JS2;","
APPLICATION;FCH213973ZK;","
Infrastructure;FCH21377JS2;","
APPLICATION;FCH21377JS2;","
DATABASE;FCH213973ZK;","
APPLICATION;FCH21377JS2;","
APPLICATION;FCH21377JS2;","
APPLICATION;FCH21377JS2;","
APPLICATION;FCH21377JS2;","
APPLICATION;FCH21377JS2;","
APPLICATION;FCH21377JS2;","
APPLICATION;FCH213973ZK;","
APPLICATION;FCH21377JS2;","
Infrastructure;FCH21377JS2;","
Infrastructure;FCH21377JS2;","
APPLICATION;FCH21377JS2;","
APPLICATION;FCH21377JS2;","
APPLICATION;FCH21377JS2;","
APPLICATION;FCH21377JS2;","
APPLICATION;FCH213973ZK;","
APPLICATION;FCH21377JS2;","
APPLICATION;FCH213973ZK;","
APPLICATION;FCH21377JS2;","
APPLICATION;FCH21377JS2;","
APPLICATION;FCH213973ZK;","
APPLICATION;FCH21377JS2;","
APPLICATION;FCH21377JS2;","
APPLICATION;FCH21377JS2;","
APPLICATION;FCH21377JS2;","
APPLICATION;FCH21377JS2;","
APPLICATION;CZ23510BG3;","
APPLICATION;CZ3328JVHY;","
APPLICATION;CZJ2511H0V;","
APPLICATION;CZJ35106CC;","
Infrastructure;CZJ2511H1K;","
APPLICATION;CZ34122RM6;","
APPLICATION;CZ34122RM8;","
APPLICATION;CZ3325HKC1;","
APPLICATION;CZ34122RME;","
APPLICATION;CZ3328JVHT;","
APPLICATION;CZ34122RLP;","
APPLICATION;CZ3328JVJF;","
APPLICATION;CZ3325HKC5;","
APPLICATION;CZ34122RME;","
APPLICATION;CZ3328JVJF;","
APPLICATION;CZ3325HKC1;","
APPLICATION;CZ3325HKC1;","
APPLICATION;CZ34122RMP;","
APPLICATION;CZ3325HKBW;","
APPLICATION;CZ3328JVJF;","
APPLICATION;CZ3328JVJF;","
APPLICATION;CZ3328JVJ3;","
Infrastructure;CZ34122RM6;","
Infrastructure;CZ3325HKC5;","
Infrastructure;CZJ35106CC;","
Infrastructure;CZJ2511H1F;","
Infrastructure;CZ3325HKC5;","
Infrastructure;CZJ2511H1G;","
APPLICATION;CZ3328JVJ3;","
APPLICATION;CZ34122RMK;","
APPLICATION;CZ3328JVJ7;","
APPLICATION;CZ3328JVJ3;","
Infrastructure;CZ3328JVJ3;","
Infrastructure;CZ3325HKC1;","
Infrastructure;CZ3325HKC5;","
Infrastructure;CZ3328JVHT;","
APPLICATION;CZJ2511H12;","
Infrastructure;CZ3325HKC5;","
Infrastructure;CZJ2511H1G;","
APPLICATION;FCH213976U1;","
APPLICATION;FCH213973ZK;","
Infrastructure;CZ34122RMS;","
Infrastructure;CZJ2511H1K;","
Infrastructure;CZJ2390PR9;","
Infrastructure;CZJ2390PR5;","
APPLICATION;FCH21377JS2;","
DATABASE;CZJ4500997;","
Infrastructure;CZ23510BG3;","
Infrastructure;CZ3328JVJ7;","
DATABASE;CZJ2390PR5;","
DATABASE;CZ3325HKC5;","
DATABASE;CZ3328JVJ3;","
DATABASE;CZ3325HKBW;","
Infrastructure;CZ3325HKC5;","
DATABASE;CZJ4500990;","
DATABASE;CZ3325HKC5;","
DATABASE;CZJ2511H1B;","
APPLICATION;CZJ2511H1J;","
DATABASE;CZ3328JVJ7;","
DATABASE;CZ3328JVJF;","
DATABASE;FCH21367NN2;","
DATABASE;CZ3328JVJF;","
infrastructure;CZ34122RM4;","
infrastructure;CZJ2511H1Q;","
infrastructure;CZ34122RM2;","
APPLICATION;CZ25390H5F;","
APPLICATION;CZ25390H5G;","
APPLICATION;CZ25390H5D;","
APPLICATION;CZ25390H5G;","
Infrastructure;CZ34122RM2;","
Infrastructure;CZ34122RLP;","
Infrastructure;CZJ2511H1F;","
Infrastructure;CZ34122RMM;","
Infrastructure;CZJ2511H1Q;","
Infrastructure;CZJ4500992;","
Infrastructure;CZJ2390PR9;","
Infrastructure;CZ34122RMM;","
Infrastructure;CZJ2511H14;","
Infrastructure;CZJ4500993;","
Infrastructure;CZJ2511H1K;","
Infrastructure;CZJ4500994;","
Infrastructure;CZJ2390PR2;","
Infrastructure;CZJ4500993;","
Infrastructure;CZJ2511H1J;","
Infrastructure;CZ34122RMV;","
Infrastructure;CZ34122RMK;","
Infrastructure;CZ34122RMA;","
Infrastructure;CZ34122RMH;","
Infrastructure;CZJ450098W;","
Infrastructure;CZ34122RMC;","
Infrastructure;CZJ450099G;","
Infrastructure;CZ34122RMC;","
Infrastructure;CZJ2511H1R;","
Infrastructure;CZ25390H5K;","
Infrastructure;CZJ4500995;","
Infrastructure;CZ34122RLH;","
Infrastructure;CZJ2511H1R;","
Infrastructure;CZJ4500994;","
Infrastructure;CZ25390H5M;","
Infrastructure;CZ34122RMV;","
Infrastructure;CZJ2511H1G;","
Infrastructure;CZ34122RMP;","
Infrastructure;SYM0700423;","
Infrastructure;SYM0500373;","
Infrastructure;SYM0700422;","
Infrastructure;SYM1101951;","
Database;;","
Database;;","
Database;;","
Database;;","
APPLICATION;FCH21377H1A;","
APPLICATION;FCH21377H1A;","
APPLICATION;FCH21377H1A;","
APPLICATION;FCH21377H1A;","
infrastructure;CZ3451KPN3;","
APPLICATION;FCH21377H1A;","
APPLICATION;FCH21377H1A;","
infrastructure;CZ25390H5J;","
infrastructure;CZJ4500995;","
infrastructure;CZJ2511H1R;","
Infrastructure;CZ25390H5J;","
APPLICATION;CZ34122RLV;","
Infrastructure;CZJ4500993;","
Infrastructure;CZ34122RM4;","
infrastructure;H849NP1350;","
APPLICATION;FCH21377H1A;","
infrastructure;H849NP1350;","
APPLICATION;CZJ2511H12;","
APPLICATION;CZJ2390PR9;","
infrastructure;H849NP1350;","
APPLICATION;FCH21377H1A;","
Infrastructure;646575;","
Infrastructure;CZ34122RMS;","
APPLICATION;;","
Infrastructure;CZJ35106CC;","
Infrastructure;CZJ2511H1L;","
Infrastructure;CZJ35106CB;","
Infrastructure;CZ34122RMC;","
Infrastructure;CZ34122RM4;","
Infrastructure;CZJ4500994;","
Infrastructure;06BK231;","
Infrastructure;CZ34122RMK;","
Infrastructure;CZ34122RLV;","
Infrastructure;CZ34122RMC;","
Infrastructure;;","
Infrastructure;CZ34122RME;","
Infrastructure;CZJ2511H1R;","
Infrastructure;CZ34122RM6;","
Infrastructure;CZJ2511H14;","
Infrastructure;CZ34122RMS;","
Infrastructure;CZJ2511H1J;","
Infrastructure;CZ34122RM8;","
Infrastructure;CZJ2511H1N;","
Infrastructure;CZ34122RMA;","
Infrastructure;CZJ2511H12;","
Infrastructure;CZ34122RMX;","
Infrastructure;CZJ2511H1L;","
Infrastructure;CZ34122RMH;","
Infrastructure;CZJ2511H1K ;","
Infrastructure;CZ34122RMK;","
Infrastructure;CZJ35106CC;","
Infrastructure;CZ34122RM0;","
Infrastructure;CZJ2390PR5;","
Infrastructure;CZ34122RLX;","
Infrastructure;CZJ35106CB ;","
Infrastructure;CZ34122RMM;","
Infrastructure;CZJ35106CF;","
Infrastructure;CZ34122RLS;","
Infrastructure;CEINTIP01S3;","
Infrastructure;CZ34122RLK;","
Infrastructure;CZJ2511H1F;","
Infrastructure;CZ34122RM2;","
Infrastructure;CZJ2511H1G ;","
Infrastructure;CZ34122RLP;","
Infrastructure;CZJ2511H15;","
Infrastructure;CZ34122RM4;","
Infrastructure;CZJ2511H0V;","
Infrastructure;CZ34122RLH;","
Infrastructure;CZJ2511H1B;","
Infrastructure;CZ34122RMC;","
Infrastructure;CZJ2390PRB;","
Infrastructure;CZ34122RLV;","
Infrastructure;CZJ2511H10;","
Infrastructure;CZ34122RLM;","
Infrastructure;CZJ2511H1Q;","
Infrastructure;CZ34122RMP;","
Infrastructure;CZJ2511H1P;","
Infrastructure;CZ34122RMV;","
Infrastructure;CZJ2390PR2;","
Infrastructure;CZJ4500997;","
Infrastructure;CZJ450098Y;","
Infrastructure;CZJ450099C;","
Infrastructure;CZJ4500990;","
Infrastructure;CZJ450099D;","
Infrastructure;CZJ450098W;","
Infrastructure;CZJ4500994;","
Infrastructure;CZJ4500992;","
Infrastructure;CZJ4500993;","
Infrastructure;CZJ4500999;","
Infrastructure;CZJ4500996;","
Infrastructure;CZ32025YP3;","
Infrastructure;CZ32025YNF;","
Infrastructure;CZ36505L2X;","
Infrastructure;CZ36505L48;","
Infrastructure;CZ36505L3X;","
Infrastructure;CZ36505L4K;","
Infrastructure;CZ36505L3K;","
Infrastructure;CZ36505L38;","
Infrastructure;CZ3328JVJ7;","
Infrastructure;CZ3325HKC1;","
Infrastructure;CZ3328JVHY;","
Infrastructure;CZ3328JVHT;","
Infrastructure;CZ3328JVJF;","
Infrastructure;CZ3325HKBW;","
Infrastructure;CZ3328JVJB;","
Infrastructure;CZ3325HKC5;","
Infrastructure;ZC3451KPMS;","
Infrastructure;H849NP1350;","
Infrastructure;CZ3451KPN3;","
APPLICATION;CZ25390H5G;","
APPLICATION;06ZDFG4;","
APPLICATION;CZ25390H5K;","
APPLICATION;;","
APPLICATION;;","
APPLICATION;;","
Infrastructure;06D3963;","
Infrastructure;689027;","
APPLICATION;J32ZRHV;","
APPLICATION;S40E4BL;","
APPLICATION;J32ZRHW;","
APPLICATION;06T8142;","
APPLICATION;06T8068;","
Infrastructure;689027;","
Infrastructure;689027;","
APPLICATION;CZ34122RLV;","
infrastructure;CZJ2511H1J;","
infrastructure;CZ25390H5G;","
DATABASE;06X6492;","
Infrastructure;;","
APPLICATION;;","
APPLICATION;;","
APPLICATION;;","
APPLICATION;;","
APPLICATION;;","
APPLICATION;;","
APPLICATION;;","
Infrastructure;06X6492;","
Infrastructure;646575;","
Infrastructure;646575;","
DATABASE;;","
Infrastructure;;","
Infrastructure;;","
APPLICATION;06T8139;","
APPLICATION;;","
APPLICATION;;","
APPLICATION;;","
APPLICATION;CZJ2511H1B;","
APPLICATION;CZJ35106CC;","
DATABASE;;","
APPLICATION;06BK231;","
APPLICATION;06M4091;","
APPLICATION;CZJ2511H1G;","
APPLICATION;CZJ2511H1F;","
APPLICATION;06M4091;","
APPLICATION;646575;","
DATABASE;CZJ2511H1B;","
DATABASE;06ZDFG0;","
DATABASE;689038;","
Infrastructure;CZJ35106CB;","
APPLICATION;06D3961;","
Infrastructure;06M4100;","
Infrastructure;689031;","
Infrastructure;CZJ2511H1F;","
Infrastructure;06X6492;","
Infrastructure;646575;","
APPLICATION;CZJ2511H0V;","
Infrastructure;689027;","
Infrastructure;06ZDFG4;","
Infrastructure;06D3994;","
Infrastructure;06D3963;","
Infrastructure;06M4091;","
APPLICATION;CZJ2511H1R;","
DATABASE;06T8068;","
DATABASE;06ZDFG5;","
DATABASE;06ZDPZ6;","
Infrastructure;CZJ2511H10;","
APPLICATION;689034;","
APPLICATION;06ZDFG3;","
APPLICATION;06T8068;","
APPLICATION;06ZDFG5;","
APPLICATION;06T8068;","
Infrastructure;CZ3325HKBW;","
Infrastructure;CZJ2511H1Q;","
Infrastructure;06T8142;","
Infrastructure;CZJ2511H1G;","
DATABASE;CZ25390H5D;","
DATABASE;06ZDFG4;","
DATABASE;06V0102;","
Infrastructure;99E0417;","
APPLICATION;06X6492;","
APPLICATION;06M4100;","
APPLICATION;689041;","
APPLICATION;689041;","
APPLICATION;06D3961;","
APPLICATION;06D3963;","
APPLICATION;06ZDFG4;","
APPLICATION;689038;","
APPLICATION;06T8139;","
APPLICATION;06T8142;","
APPLICATION;06D3961;","
APPLICATION;06M4091;","
APPLICATION;646575;","
APPLICATION;689034;","
APPLICATION;06ZDFG4;","
APPLICATION;689042;","
APPLICATION;CZ34122RM2;","
APPLICATION;CZJ35106CB;","
APPLICATION;CZJ35106CB;","
Infrastructure;06T8142;","
Infrastructure;CZJ2511H15;","
APPLICATION;06D3994;","
Infrastructure;CZJ2511H1Q;","
APPLICATION;06D3963;","
Infrastructure;CZJ2390PR9;","
Infrastructure;689040;","
APPLICATION;06M4100;","
Infrastructure;06D3994;","
Infrastructure;06D3963;","
Infrastructure;06M4100;","
Infrastructure;06T8142;","
Infrastructure;06T8139;","
Infrastructure;06X6492;","
Infrastructure;06T8139;","
DATABASE;06T8068;","
DATABASE;06ZDFG3;","
DATABASE;06T8068;","
DATABASE;06T8068;","
DATABASE;06T8068;","
Infrastructure;CZJ2511H1B;","
Infrastructure;06T8139;","
Infrastructure;CZJ2511H1Q;","
Infrastructure;06D3961;","
Infrastructure;689042;","
Infrastructure;06ZDFG4;","
Infrastructure;06M4100;","
APPLICATION;99E0417;","
APPLICATION;06ZDFG3;","
Infrastructure;06D3963;","
APPLICATION;689040;","
Infrastructure;CZ34122RLK;","
Infrastructure;CZJ2390PR5;","
Infrastructure;CZJ2511H1P;","
DATABASE;06M4091;","
APPLICATION;CZ23510BG3;","
APPLICATION;CZ23510BG3;","
APPLICATION;CZ34122RMK;","
APPLICATION;CZJ2511H1N;","
APPLICATION;CZJ2511H15;","
DATABASE;CZJ2511H0V;","
DATABASE;CZ3328JVJB;","
APPLICATION;CZJ35106CB;","
APPLICATION;CZJ2390PR2;","
APPLICATION;06M4091;","
Infrastructure;06M4100;","
APPLICATION;06T8139;","
Infrastructure;CZJ2511H1L;","
APPLICATION;689042;","
APPLICATION;06ZDFG4;","
APPLICATION;06D3994;","
APPLICATION;689031;","
APPLICATION;CZ3328JVJ3;","
Infrastructure;CZJ35106CC;","
Infrastructure;689038;","
Infrastructure;06M4100;","
Infrastructure;CZJ2390PR9;","
Infrastructure;CZJ2390PR9;","
DATABASE;06D3963;","
Infrastructure;CZ34122RMH;","
DATABASE;689042;","
Infrastructure;06T8139;","
Infrastructure;06ZDFG4;","
Infrastructure;689042;","
Infrastructure;99E0417;","
APPLICATION;06ZDPZ6;","
APPLICATION;06ZDPZ6;","
APPLICATION;06ZDFG5;","
APPLICATION;06ZDPZ6;","
APPLICATION;CZ34122RM0;","
Infrastructure;646575;","
Infrastructure;;","
APPLICATION;689042;","
APPLICATION;06D3963;","
APPLICATION;06D3961;","
APPLICATION;06V0102;","
APPLICATION;06T8068;","
Infrastructure;06T8142;","
APPLICATION;06D3963;","
DATABASE;06ZDFG2;","
APPLICATION;06T8139;","
Infrastructure;99E0417;","
APPLICATION;CZJ2511H1Q;","
Infrastructure;CZ3328JVHY;","
APPLICATION;CZJ2511H1F;","
APPLICATION;CZ3328JVJ7;","
Infrastructure;CZ34122RM0;","
APPLICATION;CZJ2511H15;","
DATABASE;06M4091;","
DATABASE;CZJ4500999;","
DATABASE;CZJ450098Y;","
APPLICATION;06T8142;","
APPLICATION;06D3961;","
APPLICATION;CZ34122RLX;","
APPLICATION;CZ34122RM0;","
APPLICATION;CZJ2511H1P;","
Infrastructure;689040;","
Infrastructure;06ZDFG4;","
Infrastructure;06D3963;","
Infrastructure;689031;","
APPLICATION;06T8142;","
APPLICATION;CZ34122RME;","
APPLICATION;689038;","
APPLICATION;06T8142;","
Infrastructure;CZJ2511H1G;","
Infrastructure;CZJ2511H1B;","
Infrastructure;689038;","
APPLICATION;CZJ35106CB;","
APPLICATION;06ZDFG5;","
APPLICATION;06T8142;","
DATABASE;CZJ2511H1N;","
DATABASE;CZJ2390PR9;","
APPLICATION;CZJ2511H12;","
APPLICATION;CZ25390H5M;","
APPLICATION;CZ25390H5G;","
DATABASE;CZ25390H5G;","
DATABASE;CZ25390H5G;","
APPLICATION;CZ25390H5M;","
APPLICATION;CZ25390H5K;","
APPLICATION;CZ25390H5K;","
DATABASE;CZ25390H5M;","
APPLICATION;FCH21367NN2;","
APPLICATION;06V0102;","
APPLICATION;CZJ2511H1N;","
Infrastructure;CZJ2511H1L;","
Infrastructure;CZJ2511H1P;","
APPLICATION;06ZDFG3;","
APPLICATION;06T8068;","
APPLICATION;CZJ450098W;","
Infrastructure;689031;","
Infrastructure;CZ34122RLK;","
APPLICATION;CZ3328JVJ3;","
Infrastructure;CZJ2511H1R;","
APPLICATION;06D3994;","
APPLICATION;689034;","
APPLICATION;06T8068;","
APPLICATION;689031;","
APPLICATION;06V0102;","
APPLICATION;06X6492;","
APPLICATION;06T8139;","
APPLICATION;CZ3328JVJF;","
APPLICATION;CZ3325HKC5;","
APPLICATION;CZ3328JVJF;","
APPLICATION;06M4100;","
APPLICATION;CZ25390H5D;","
APPLICATION;CZJ2511H1G;","
APPLICATION;06M4100;","
APPLICATION;689038;","
APPLICATION;CZJ2511H1J;","
Infrastructure;CZJ2511H1K;","
DATABASE;CZJ2511H10;","
APPLICATION;06T8139;","
Infrastructure;CZJ2390PR9;","
Infrastructure;06T8139;","
Database;06D3994;","
APPLICATION;06ZDFG4;","
Infrastructure;CZJ2511H1L;","
Infrastructure;CZ3328JVHT;","
Infrastructure;CZJ2511H1Q;","
Infrastructure;CZJ2511H1L;","
APPLICATION;CZJ2511H1L;","
DATABASE;CZJ450099D;","
APPLICATION;CZJ35106CF;","
APPLICATION;06D3963;","
APPLICATION;06ZDFG4;","
APPLICATION;06ZDFG4;","
APPLICATION;06M4100;","
APPLICATION;06T8142;","
APPLICATION;CZ34122RMA;","
Infrastructure;CZJ2511H15;","
Infrastructure;689031;","
Infrastructure;689040;","
Infrastructure;06M4100;","
Infrastructure;689040;","
Infrastructure;06M4100;","
Infrastructure;689042;","
Infrastructure;06X6492;","
Infrastructure;06D3963;","
Infrastructure;689038;","
Infrastructure;689040;","
Infrastructure;06X6492;","
Infrastructure;06D3961;","
Infrastructure;06M4091;","
APPLICATION;CZ34122RLV;","
APPLICATION;CZ34122RM4;","
APPLICATION;CZJ2511H1F;","
APPLICATION;CZJ2511H1J;","
APPLICATION;CZ34122RMH;","
APPLICATION;CZ34122RME;","
APPLICATION;CZJ2511H1R;","
APPLICATION;CZJ2511H1N;","
Infrastructure;06D3963;","
Infrastructure;06M4091;","
Infrastructure;06T8068;","
APPLICATION;06M4100;","
APPLICATION;06D3961;","
APPLICATION;689042;","
APPLICATION;06ZDFG4;","
APPLICATION;689038;","
APPLICATION;689031;","
APPLICATION;689040;","
APPLICATION;06X6492;","
APPLICATION;689040;","
APPLICATION;689042;","
APPLICATION;06D3963;","
APPLICATION;689041;","
APPLICATION;689031;","
APPLICATION;06ZDFG4;","
APPLICATION;689034;","
APPLICATION;689041;","
APPLICATION;06X6492;","
APPLICATION;689042;","
APPLICATION;06ZDFG4;","
APPLICATION;06D3994;","
APPLICATION;06V0102;","
Infrastructure;CZ34122RLK;","
APPLICATION;CZ34122RM4;","
Infrastructure;;","
APPLICATION;;","
APPLICATION;;","
APPLICATION;;","
APPLICATION;;","
APPLICATION;;","
APPLICATION;;","
APPLICATION;;","
APPLICATION;;","
Infrastructure;;","
Infrastructure;;","
DATABASE;;","
APPLICATION;;","
APPLICATION;;","
APPLICATION;;","
APPLICATION;;","
APPLICATION;;","
APPLICATION;;","
APPLICATION;;","
APPLICATION;;","
DATABASE;;","
APPLICATION;;","
APPLICATION;;","
APPLICATION;;","
APPLICATION;;","
DATABASE;;","
DATABASE;;","
Infrastructure;;","
APPLICATION;;","
APPLICATION;;","
APPLICATION;;","
APPLICATION;;","
APPLICATION;;","
APPLICATION;;","
APPLICATION;;","
APPLICATION;;","
APPLICATION;;","
APPLICATION;;","
APPLICATION;;","
Infrastructure;;","
Infrastructure;;","
infrastructure;;","
infrastructure;;","
APPLICATION;CZ34122RMC;","
APPLICATION;CZ34122RMS;","
APPLICATION;CZ3328JVJB;","
APPLICATION;CZJ2511H1R;","
APPLICATION;CZ3328JVJ3;","
APPLICATION;CZJ2390PR2;","
APPLICATION;CZJ2390PR5;","
APPLICATION;CZJ4500992;","
APPLICATION;CZ34122RMK;","
DATABASE;CZ34122RLM;","
APPLICATION;CZ3325HKC1;","
DATABASE;CZ34122RMA;","
APPLICATION;CZJ2511H1P;","
DATABASE;CZJ4500997;","
DATABASE;CZJ2511H1K;","
APPLICATION;CZJ2511H0V;","
APPLICATION;CZ34122RMX;","
APPLICATION;CZJ2511H14;","
APPLICATION;;","
Infrastructure;CZJ450098W;","
Infrastructure;CZJ450099B;","
Infrastructure;;","
Infrastructure;CZ32025YP0 ;","
Infrastructure;CZ32025YNK;","
Infrastructure;CZJ2511H1H;","
Infrastructure;CZJ2511H1Q;","
Infrastructure;CZJ2511H17;","
Infrastructure;CZJ4500998;","
Infrastructure;CZJ2511H0Z;","
Infrastructure;CZJ450098V;","
Infrastructure;CZ32025YNW;","
Infrastructure;CZJ2390PR4;","
APPLICATION;CZJ2390PR5;","
Infrastructure;CZ25390H5J;","
Infrastructure;CZJ4500995;","
Infrastructure;CZJ4500995;","
Infrastructure;CZJ450098X;","
Infrastructure;CZ25390H5C;","
Infrastructure;CZ25390H5C;","
DATABASE;CZ34122RMX;","
DATABASE;CZJ450099D;","
DATABASE;CZ34122RMH;","
DATABASE;CZ34122RMX;","
DATABASE;CZJ2511H1L;","
APPLICATION;CZ23510BG3;","
APPLICATION;CZ3325HKBW;","
APPLICATION;CZJ2511H1J;","
DATABASE;CZJ450099C;","
DATABASE;CZJ2511H1P;","
DATABASE;CZ34122RMH;","
DATABASE;CZJ2511H1N;","
DATABASE;CZ25390H5J;","
DATABASE;CZ25390H5K;","
DATABASE;CZ25390H5G;","
APPLICATION;CZJ35106CB;","
APPLICATION;CZJ2390PR2;","
APPLICATION;CZJ2390PR5;","
APPLICATION;CZJ2511H12;","
APPLICATION;CZ34122RMX;","
APPLICATION;CZ34122RMK;","
APPLICATION;CZJ2511H1P;","
APPLICATION;CZ3328JVHT;","
DATABASE;CZJ35106CB;","
DATABASE;CZJ2511H1F;","
DATABASE;CZJ2511H1L;","
DATABASE;CZJ2511H0V;","
DATABASE;CZJ4500990;","
DATABASE;CZJ2511H10;","
DATABASE;CZ25390H5H;","
DATABASE;CZ34122RLM;","
DATABASE;USE302S78B;","
DATABASE;CZ34122RLM;","
DATABASE;CZJ2390PR9;","
DATABASE;CZ34122RM8;","
DATABASE;CZJ35106CC;","
DATABASE;CZ34122RMS;","
DATABASE;CZJ35106CB;","
DATABASE;CZ3328JVJF;","
DATABASE;CZJ2511H1J;","
DATABASE;CZ34122RM0;","
DATABASE;CZ34122RM6;","
DATABASE;CZJ2511H1L;","
DATABASE;FCH21377K07;","
DATABASE;FCH21367NN2;","
DATABASE;CZJ450098Y;","
DATABASE;CZ3328JVJ3;","
APPLICATION;CZJ2511H10;","
APPLICATION;CZJ2511H14;","
APPLICATION;CZ34122RLK;","
APPLICATION;CZ34122RM8;","
APPLICATION;CZJ35106CB;","
DATABASE;;","
DATABASE;CZJ2511H1G;","
DATABASE;CZJ2511H10;","
DATABASE;CZ34122RM8;","
DATABASE;CZJ2511H12;","
APPLICATION;CZJ4500994;","
APPLICATION;CZ34122RMM;","
APPLICATION;CZ25390H5J;","
APPLICATION;CZJ450098X;","
APPLICATION;CZJ2511H10;","
APPLICATION;CZ34122RMS;","
APPLICATION;CZ34122RM6;","
APPLICATION;FCH21377K07;","
APPLICATION;CZJ4500994;","
APPLICATION;CZJ4500995;","
APPLICATION;CZJ35106CC;","
DATABASE;CZJ2511H10;","
Database;CZ23510BG2;","
Database;CZ3325HKBR;","
Database;CZ25390J3W;","
DATABASE;CZ3325HKBW;","
APPLICATION;06BK231;","
APPLICATION;646576;","
APPLICATION;CZ25390H5F;","
APPLICATION;CZ34122RMH;","
Infrastructure;CZ25390H5D;","
Infrastructure;CZ25390H5D;","
APPLICATION;FCH21367NN2;","
APPLICATION;CZJ2511H1P;","
APPLICATION;CZJ2511H1R;","
APPLICATION;CZJ4500994;","
APPLICATION;CZ34122RLX;","
APPLICATION;CZJ2511H12;","
APPLICATION;CZJ2511H1G;","
APPLICATION;CZ34122RM0;","
APPLICATION;CZ34122RMK;","
APPLICATION;CZJ2390PR2;","
APPLICATION;CZJ35106CB;","
APPLICATION;CZ3328JVJF;","
Infrastructure;CZJ2511H1F;","
Infrastructure;CZ34122RM6;","
Infrastructure;06T8148;","
Infrastructure;06T8148;","
Infrastructure;CZJ2511H1F;","
DATABASE;CZ34122RM2;","
APPLICATION;CZ34122RLP;","
APPLICATION;CZJ2390PR5;","
DATABASE;646576;","
DATABASE;06BK231;","
Infrastructure;CZ34122RMC;","
Infrastructure;CZJ2511H14;","
Infrastructure;CZJ2511H1F;","
Infrastructure;CZ3328JVJB;","
Infrastructure;CZ34122RM0;","
Infrastructure;CZJ2511H14;","
Infrastructure;CZ34122RMK;","
Infrastructure;06M4091;","
Infrastructure;06T8142;","
Infrastructure;CZ3328JVJ3;","
Infrastructure;CZJ2511H14;","
Infrastructure;CZJ2511H1L;","
Infrastructure;CZ34122RMA;","
Infrastructure;CZJ35106CC;","
Infrastructure;CZ25390H5J;","
Infrastructure;CZJ450099F;","
APPLICATION;CZ34122RLP;","
DATABASE;CZ3328JVHY;","
DATABASE;CZ3328JVHY;","
DATABASE;CZJ4500999;","
APPLICATION;CZJ35106CC;","
APPLICATION;CZJ2511H1K;","
APPLICATION;CZ25390H5H;","
APPLICATION;CZJ450098Z;","
APPLICATION;CZ25390H5M;","
APPLICATION;CZJ450098Z;","
APPLICATION;CZ3328JVHY;","
APPLICATION;CZJ2511H1L;","
Infrastructure;CZ34122RLX;","
Infrastructure;CZJ2511H0V;","
DATABASE;CZJ450098Y;","
DATABASE;CZ34122RMA;","
APPLICATION;CZ3328JVJF;","
APPLICATION;CZ34122RMA;","
DATABASE;CZ3328JVJB;","
DATABASE;CZ3328JVJF;","
DATABASE;CZ3328JVJB;","
DATABASE;CZ3328JVJB;","
Infrastructure;CZ34122RLS;","
APPLICATION;CZ36505L38;","
APPLICATION;CZ34122RM8;","
APPLICATION;CZ34122RMK;","
APPLICATION;CZ34122RMA;","
APPLICATION;CZ34122RMA;","
APPLICATION;CZ36505L38;","
APPLICATION;CZ36505L48;","
APPLICATION;CZ36505L3X;","
APPLICATION;CZ36505L3K;","
APPLICATION;CZJ4500992;","
APPLICATION;CZ23510BG3;","
APPLICATION;CZJ4500992;","
APPLICATION;CZ3328JVJ7;","
APPLICATION;CZJ450098W;","
APPLICATION;CZ3328JVJ7;","
APPLICATION;CZ3328JVJ3;","
APPLICATION;CZ36505L4K;","
APPLICATION;CZ36505L48;","
APPLICATION;CZ36505L2X;","
APPLICATION;CZ36505L2X;","
APPLICATION;CZ36505L4K;","
APPLICATION;CZ3328JVJF;","
APPLICATION;CZ34122RMS;","
APPLICATION;CZ3328JVJ3;","
APPLICATION;CZ34122RMX;","
APPLICATION;CZ34122RMK;","
DATABASE;CZ34122RMX;","
APPLICATION;CZ3328JVJ7;","
APPLICATION;CZJ2511H1R;","
APPLICATION;CZJ2511H1R;","
APPLICATION;CZ25390H5L;","
APPLICATION;CZ25390H5L;","
APPLICATION;CZ25390H5L;","
APPLICATION;CZ25390H5M;","
APPLICATION;CZ25390H5M;","
APPLICATION;CZJ450099F;","
APPLICATION;CZJ450098Z;","
APPLICATION;CZJ450099F;","
APPLICATION;CZJ4500995;","
APPLICATION;CZJ450098Z;","
APPLICATION;CZ25390H5G;","
APPLICATION;CZ25390H5J;","
APPLICATION;CZ25390H5G;","
APPLICATION;CZJ450099G;","
DATABASE;CZJ2511H1L;","
DATABASE;FCH21397663;","
DATABASE;FCH21367NN2;","
DATABASE;CZJ450098Z;","
DATABASE;CZ25390H5L;","
DATABASE;CZJ450098Z;","
APPLICATION;CZJ2390PR9;","
APPLICATION;CZJ2511H1L;","
APPLICATION;CZ25390H5N;","
APPLICATION;CZ25390H5N;","
APPLICATION;CZ25390H5N;","
APPLICATION;CZ25390H5N;","
APPLICATION;CZJ4500995;","
APPLICATION;CZJ4500991;","
APPLICATION;CZJ450098X;","
APPLICATION;CZ25390H5H;","
APPLICATION;CZ25390H5J;","
APPLICATION;CZJ450098Z;","
APPLICATION;CZJ2511H1B;","
Infrastructure;CZJ4500995;","
Infrastructure;CZJ450098Z;","
APPLICATION;CZJ4500995;","
Infrastructure;CZ25390H5D;","
Infrastructure;CZ34122RLX;","
Infrastructure;CZ34122RMC;","
Infrastructure;CZ23510BG3;","
DATABASE;CZJ35106CC;","
DATABASE;CZJ2511H1F;","
DATABASE;CZ3328JVJF;","
DATABASE;CZ3328JVJ3;","
DATABASE;CZJ4500996;","
DATABASE;CZJ2511H1Q;","
DATABASE;CZ3325HKC5;","
DATABASE;CZJ2511H1P;","
DATABASE;CZ34122RME;","
DATABASE;CZJ2511H1P;","
DATABASE;CZ3328JVJF;","
DATABASE;CZ3328JVHT;","
Infrastructure;CZ34122RM2;","
APPLICATION;CZJ4500992;","
APPLICATION;CZJ2511H1N;","
APPLICATION;CZ34122RMH;","
DATABASE;CZJ2511H15;","
DATABASE;H849NP1350;","
APPLICATION;CZ34122RME;","
APPLICATION;CZJ2511H1R;","
APPLICATION;CZ34122RMH;","
APPLICATION;CZJ2511H1Q;","
APPLICATION;CZ34122RMC;","
APPLICATION;CZJ2511H14;","
APPLICATION;CZJ4500993;","
APPLICATION;CZJ2511H12;","
APPLICATION;CZ34122RMV;","
APPLICATION;689038;","
Infrastructure;06BK231;","
Infrastructure;646576;","
APPLICATION;CZJ2511H10;","
APPLICATION;CZJ2511H1B;","
Infrastructure;CZ34122RLV;","
Infrastructure;CZ34122RLK;","
APPLICATION;CZ34122RLV;","
APPLICATION;CZJ2511H15;","
APPLICATION;CZ34122RMA;","
APPLICATION;FCH21377H1A;","
APPLICATION;CZ34122RLK;","
APPLICATION;CZJ450098W;","
APPLICATION;CZ3328JVJF;","
APPLICATION;CZ34122RM4;","
APPLICATION;CZJ450098W;","
APPLICATION;CZ3328JVHY;","
APPLICATION;CZJ2511H1L;","
APPLICATION;CZJ4500993;","
APPLICATION;CZJ2511H10;","
APPLICATION;CZ34122RLV;","
APPLICATION;CZJ2511H1L;","
APPLICATION;CZJ2511H12;","
APPLICATION;CZ34122RM2;","
APPLICATION;CZJ2390PR9;","
APPLICATION;CZ34122RM2;","
APPLICATION;CZJ2511H1F;","
APPLICATION;CZ34122RMC;","
APPLICATION;CZJ2511H1N;","
APPLICATION;CZJ4500992;","
APPLICATION;CZJ35106CF;","
APPLICATION;CZ34122RLK;","
APPLICATION;CZJ2511H0V;","
APPLICATION;CZJ35106CC;","
APPLICATION;CZJ2511H1F;","
APPLICATION;CZ25390H5K;","
APPLICATION;CZ25390H5F;","
APPLICATION;CZJ450098X;","
APPLICATION;CZJ4500995;","
APPLICATION;CZ25390H5C;","
APPLICATION;CZ25390H5M;","
APPLICATION;06T8142;","
APPLICATION;CZJ2511H1J;","
APPLICATION;CZJ2511H1F;","
APPLICATION;CZJ2511H1Q;","
APPLICATION;CZJ2511H1K;","
APPLICATION;CZ34122RM6;","
APPLICATION;CZ34122RMH;","
APPLICATION;CZ34122RM6;","
APPLICATION;CZ34122RMA;","
APPLICATION;FCH21377K07;","
APPLICATION;FCH21367NN2;","
APPLICATION;CZJ4500995;","
APPLICATION;CZJ4500995;","
APPLICATION;CZJ450098X;","
APPLICATION;CZJ450098X;","
APPLICATION;06T8068;","
APPLICATION;CZ25390H5H;","
APPLICATION;CZJ450098X;","
APPLICATION;CZ25390H5F;","
APPLICATION;CZJ2511H1K;","
APPLICATION;CZ34122RLK;","
APPLICATION;CZJ2511H1F;","
APPLICATION;CZ34122RMH;","
APPLICATION;CZJ35106CF;","
APPLICATION;CZJ2511H1F;","
APPLICATION;CZ34122RMC;","
APPLICATION;CZJ35106CC;","
APPLICATION;CZ34122RLV;","
APPLICATION;CZJ2390PR2;","
APPLICATION;CZ34122RMS;","
APPLICATION;CZJ2511H1Q;","
APPLICATION;CZJ2511H1G;","
APPLICATION;CZJ2390PR5;","
APPLICATION;CZ34122RLK;","
APPLICATION;CZJ2511H0V;","
APPLICATION;CZ34122RM4;","
Infrastructure;CZ34122RLX;","
APPLICATION;CZ34122RMH;","
Infrastructure;CZJ450098W;","
Infrastructure;CZJ35106CB;","
APPLICATION;CZ34122RM6;","
APPLICATION;CZJ2511H1B;","
DATABASE;CZJ450099C;","
APPLICATION;CZ34122RM0;","
APPLICATION;CZ34122RM0;","
APPLICATION;CZ34122RMP;","
APPLICATION;CZJ4500992;","
APPLICATION;CZ34122RMV;","
APPLICATION;CZJ2511H15;","
APPLICATION;CZJ4500994;","
APPLICATION;CZ25390H5L;","
APPLICATION;CZ25390H5F;","
APPLICATION;CZ25390H5L;","
APPLICATION;CZ34122RMK;","
APPLICATION;CZJ2390PR5;","
APPLICATION;CZJ2511H15;","
APPLICATION;CZJ35106CB;","
APPLICATION;CZ25390H5L;","
APPLICATION;FCH21367NN2;","
DATABASE;CZ3328JVHY;","
DATABASE;CZJ2511H14;","
APPLICATION;CZ34122RM4;","
APPLICATION;CZJ2511H15;","
APPLICATION;CZ25390H5F;","
APPLICATION;CZJ450098Z;","
APPLICATION;CZJ2511H0V;","
APPLICATION;CZJ2511H1R;","
Infrastructure;CZ34122RMC;","
Infrastructure;CZ34122RMM;","
Infrastructure;CZJ4500992;","
Infrastructure;CZJ2511H14;","
APPLICATION;CZJ2511H1R;","
APPLICATION;CZ34122RLX;","
APPLICATION;CZJ2511H1K;","
APPLICATION;CZJ2511H1J;","
APPLICATION;CZJ2511H10;","
APPLICATION;CZJ2511H15;","
APPLICATION;CZ3325HKC5;","
APPLICATION;CZ3328JVJ3;","
APPLICATION;CZ3328JVJF;","
APPLICATION;CZ3328JVJ3;","
APPLICATION;CZ3325HKC5;","
APPLICATION;CZ3328JVJF;","
APPLICATION;CZ3325HKC5;","
APPLICATION;CZJ2511H1R;","
APPLICATION;CZJ2511H1L;","
APPLICATION;CZJ2511H1B;","
APPLICATION;CZJ2511H1K;","
APPLICATION;CZJ35106CC;","
APPLICATION;CZ34122RLX;","
APPLICATION;CZJ4500993;","
APPLICATION;CZJ2511H12;","
APPLICATION;CZJ2511H1B;","
APPLICATION;CZJ2511H1J;","
APPLICATION;CZJ2511H1P;","
APPLICATION;CZJ4500992;","
APPLICATION;CZJ2511H1B;","
APPLICATION;CZ34122RMK;","
APPLICATION;CZJ2511H1J;","
APPLICATION;CZJ2511H12;","
DATABASE;CZJ2511H15;","
DATABASE;CZJ2511H14;","
DATABASE;CZJ2511H1Q;","
APPLICATION;CZJ2511H10;","
APPLICATION;CZJ2511H12;","
Infrastructure;CZ34122RMC;","
Infrastructure;CZJ35106CF;","
Infrastructure;CZJ35106CC;","
Infrastructure;CZJ2511H1K;","
APPLICATION;CZ25390H5K;","
APPLICATION;CZJ35106CC;","
APPLICATION;CZJ4500995;","
APPLICATION;CZ25390H5L;","
APPLICATION;CZ34122RME;","
APPLICATION;CZJ2511H15;","
APPLICATION;CZJ4500995;","
APPLICATION;CZ3328JVJ3;","
APPLICATION;CZJ2511H10;","
APPLICATION;CZJ35106CB;","
DATABASE;CZJ2511H10;","
APPLICATION;CZ34122RM6;","
Infrastructure;CZ34122RLV;","
Infrastructure;CZJ4500993;","
Infrastructure;CZ34122RM4;","
Infrastructure;CZJ4500992;","
APPLICATION;CZ34122RMP;","
APPLICATION;CZJ2511H12;","
APPLICATION;CZJ450098W;","
APPLICATION;CZJ2511H1K;","
APPLICATION;CZ34122RM0;","
APPLICATION;CZJ2390PR9;","
APPLICATION;CZ34122RM2;","
APPLICATION;CZ34122RLP;","
APPLICATION;CZ34122RMA;","
APPLICATION;CZJ4500992;","
Infrastructure;CZ34122RM6;","
APPLICATION;CZ34122RLX;","
APPLICATION;CZ34122RMS;","
APPLICATION;CZJ2511H12;","
DATABASE;;","
DATABASE;CZ23510BG3;","
DATABASE;CZJ2511H0V;","
DATABASE;CZ34122RME;","
APPLICATION;CZJ2511H1K;","
APPLICATION;CZJ2390PR2;","
APPLICATION;CZ25390H5M;","
APPLICATION;CZJ2511H1J;","
APPLICATION;CZ34122RME;","
APPLICATION;CZ34122RLX;","
APPLICATION;CZ34122RLV;","
Infrastructure;CZ34122RM6;","
Infrastructure;CZ25390H5L;","
Infrastructure;CZ34122RLX;","
Infrastructure;CZJ4500995;","
APPLICATION;FCH21367NN2;","
Infrastructure;CZJ4500993;","
Infrastructure;CZ34122RLV;","
Infrastructure;CZ34122RM6;","
APPLICATION;CZJ2511H10;","
APPLICATION;CZJ2511H1B;","
APPLICATION;CZJ35106CB;","
APPLICATION;CZJ35106CC;","
APPLICATION;CZ25390H5J;","
APPLICATION;CZJ450098Z;","
APPLICATION;CZJ450098X;","
APPLICATION;CZJ450099F;","
APPLICATION;CZJ2511H1R;","
APPLICATION;CZ34122RMS;","
APPLICATION;CZ25390H5G;","
APPLICATION;CZJ2511H10;","
APPLICATION;CZ25390H5K;","
APPLICATION;CZJ450098Z;","
APPLICATION;CZ34122RMM;","
APPLICATION;CZJ2511H1N;","
APPLICATION;CZ34122RLP;","
DATABASE;CZ34122RMP;","
APPLICATION;CZJ4500992;","
APPLICATION;CZJ2511H0V;","
APPLICATION;CZJ35106CB;","
APPLICATION;CZJ35106CB;","
Infrastructure;CZ34122RM2;","
Infrastructure;CZJ35106CF;","
Infrastructure;CZ34122RMV;","
Infrastructure;CZJ35106CB;","
Infrastructure;CZ34122RMC;","
Infrastructure;CZJ2511H1N;","
Infrastructure;CZ34122RM6;","
Infrastructure;CZJ2511H1J;","
DATABASE;CZJ2390PR9;","
DATABASE;CZJ450099C;","
DATABASE;CZ34122RM0;","
APPLICATION;CZJ2511H0V;","
APPLICATION;CZ34122RM4;","
APPLICATION;CZJ2511H1K;","
APPLICATION;CZ34122RM6;","
APPLICATION;CZJ2511H0V;","
APPLICATION;CZ34122RM4;","
APPLICATION;CZ34122RM4;","
APPLICATION;CZ34122RME;","
DATABASE;CZ34122RMS;","
DATABASE;CZJ2511H1Q;","
APPLICATION;CZ34122RLK;","
APPLICATION;CZJ4500993;","
APPLICATION;CZ25390H5M;","
APPLICATION;CZ34122RMA;","
APPLICATION;CZ3328JVJ7;","
APPLICATION;CZ3325HKBW;","
APPLICATION;CZ34122RLK;","
APPLICATION;CZ3325HKC1;","
APPLICATION;CZ34122RME;","
APPLICATION;CZJ2511H1N;","
APPLICATION;CZJ2511H1K;","
APPLICATION;CZJ4500992;","
APPLICATION;CZ3328JVHT;","
APPLICATION;CZJ4500993;","
APPLICATION;CZ3325HKBW;","
APPLICATION;CZ34122RM6;","
APPLICATION;CZJ2511H1B;","
APPLICATION;CZ3328JVHY;","
APPLICATION;CZJ2511H10;","
APPLICATION;CZ34122RLP;","
APPLICATION;CZ34122RME;","
APPLICATION;CZ34122RMX;","
APPLICATION;CZJ4500994;","
APPLICATION;CZ34122RMM;","
APPLICATION;CZ34122RM0;","
APPLICATION;CZ34122RMH;","
APPLICATION;CZ34122RMA;","
APPLICATION;CZ34122RM0;","
APPLICATION;CZ34122RM2;","
APPLICATION;CZ34122RMV;","
APPLICATION;CZ34122RMX;","
APPLICATION;CZ34122RME;","
APPLICATION;CZ34122RLK;","
APPLICATION;CZJ35106CF;","
APPLICATION;CZ34122RMA;","
APPLICATION;CZ34122RLX;","
APPLICATION;CZ34122RLP;","
APPLICATION;CZ34122RMS;","
APPLICATION;CZ34122RMA;","
APPLICATION;CZJ4500994;","
APPLICATION;CZ34122RLX;","
APPLICATION;CZ34122RMA;","
APPLICATION;CZ34122RME;","
APPLICATION;CZ34122RMK;","
APPLICATION;CZ34122RM6;","
APPLICATION;CZ3328JVJF;","
APPLICATION;CZ3328JVJB;","
APPLICATION;CZ34122RM0;","
APPLICATION;CZ34122RMX;","
infrastructure;CZJ4500992;","
APPLICATION;CZ34122RLK;","
APPLICATION;CZ3325HKC5;","
APPLICATION;CZJ450098W;","
APPLICATION;CZ34122RMC;","
APPLICATION;CZ34122RMX;","
APPLICATION;CZ34122RM6;","
APPLICATION;CZ34122RMS;","
APPLICATION;CZ34122RMH;","
APPLICATION;CZJ35106CB;","
APPLICATION;CZJ2511H15;","
APPLICATION;CZ34122RMA;","
APPLICATION;CZJ2511H12;","
APPLICATION;CZJ2390PR2;","
APPLICATION;CZJ4500993;","
APPLICATION;CZ34122RLP;","
APPLICATION;CZ34122RM4;","
APPLICATION;CZ3328JVJ7;","
APPLICATION;CZJ2390PR2;","
APPLICATION;CZ34122RLX;","
APPLICATION;CZJ2511H14;","
APPLICATION;CZ34122RM2;","
APPLICATION;CZJ2390PR2;","
APPLICATION;CZ34122RMP;","
APPLICATION;CZJ2511H10;","
APPLICATION;CZ34122RMC;","
APPLICATION;CZJ2511H1J;","
APPLICATION;CZJ4500992;","
APPLICATION;CZJ2390PR2;","
APPLICATION;CZ25390H5K;","
APPLICATION;CZ25390H5H;","
APPLICATION;CZ25390H5H;","
APPLICATION;CZ25390H5J;","
APPLICATION;CZ25390H5L;","
APPLICATION;CZ25390H5L;","
APPLICATION;CZ25390H5M;","
APPLICATION;CZJ35106CF;","
APPLICATION;CZJ35106CB;","
APPLICATION;CZ34122RM0;","
APPLICATION;CZJ2390PR2;","
APPLICATION;CZ34122RMH;","
APPLICATION;CZJ35106CB;","
APPLICATION;CZ34122RME;","
APPLICATION;CZJ2390PR2;","
APPLICATION;CZ34122RME;","
APPLICATION;CZJ2511H1L;","
APPLICATION;CZJ2511H1L;","
APPLICATION;CZ34122RMH;","
APPLICATION;CZJ2511H0V;","
APPLICATION;CZ25390H5L;","
APPLICATION;CZ25390H5M;","
APPLICATION;CZ25390H5M;","
APPLICATION;CZ25390H5M;","
APPLICATION;CZ25390H5C;","
APPLICATION;CZ25390H5D;","
APPLICATION;FCH21367NN2;","
APPLICATION;CZJ2511H1B;","
DATABASE;CZJ450099C;","
DATABASE;CZJ4500990;","
APPLICATION;CZ34122RM4;","
APPLICATION;CZ34122RM4;","
APPLICATION;CZ34122RM4;","
APPLICATION;CZ34122RLV;","
infrastructure;FCH21377H1A;","
infrastructure;H849NP1350;","
infrastructure;FCH21377H1A;","
APPLICATION;CZ3328JVJF;","
APPLICATION;CZJ2511H1G;","
APPLICATION;CZ34122RLV;","
APPLICATION;CZJ2511H10;","
APPLICATION;CZ34122RLH;","
APPLICATION;CZJ2511H1G;","
APPLICATION;CZ34122RMA;","
APPLICATION;CZJ2511H1N;","
APPLICATION;CZJ4500993;","
APPLICATION;CZ34122RMA;","
APPLICATION;CZJ2390PR5;","
APPLICATION;CZ34122RM4;","
APPLICATION;CZ34122RMV;","
APPLICATION;CZ25390H5D;","
APPLICATION;CZ34122RLX;","
APPLICATION;CZJ2511H1G;","
APPLICATION;CZ34122RMH;","
APPLICATION;CZ34122RMP;","
Infrastructure;CZ34122RM4;","
Infrastructure;CZ34122RMV;","
Infrastructure;CZ34122RM4;","
Infrastructure;CZJ4500994;","
Infrastructure;CZ34122RMM;","
Infrastructure;FCH21377JS2;","
Infrastructure;CZJ2511H1J;","
Infrastructure;CZJ2511H1L;","
Infrastructure;CZ34122RLX;","
Infrastructure;CZJ2511H1B;","
Infrastructure;CZJ2390PR9;","
Infrastructure;CZ34122RM4;","
Infrastructure;CZJ2511H1R;","
Infrastructure;CZ34122RMP;","
Infrastructure;CZ3328JVHY;","
Infrastructure;CZJ2511H1R;","
Infrastructure;CZ3328JVHY;","
Infrastructure;CZJ2511H1Q;","
Infrastructure;CZJ35106CF;","
Infrastructure;CZ34122RLP;","
Infrastructure;CZJ2511H0V;","
Infrastructure;CZJ2390PR2;","
Infrastructure;CZJ4500994;","
Infrastructure;CZJ2511H1L;","
Infrastructure;CZJ2511H1Q;","
Infrastructure;CZ34122RMM;","
Infrastructure;CZJ35106CB;","
Infrastructure;CZ34122RLP;","
Infrastructure;CZJ2390PR9;","
Infrastructure;CZJ450098W;","
Infrastructure;CZJ2511H1J;","
Infrastructure;CZ34122RLK;","
Infrastructure;CZJ2511H1F;","
Infrastructure;CZ34122RLX;","
Infrastructure;CZ34122RMM;","
Infrastructure;CZJ450098W;","
Infrastructure;CZJ4500993;","
Infrastructure;CZ34122RMV;","
Infrastructure;FCH213976U1;","
Infrastructure;FCH21377JS2;","
Infrastructure;CZJ2511H1K;","
Infrastructure;CZ34122RMM;","
Infrastructure;CZJ2511H1K;","
Infrastructure;FCH213976U1;","
Infrastructure;CZJ2511H1L;","
Infrastructure;CZ34122RMP;","
Infrastructure;CZJ2511H12;","
Infrastructure;CZJ2390PR9;","
Infrastructure;CZJ450098W;","
Infrastructure;CZJ2511H1P;","
Infrastructure;CZ34122RM2;","
Infrastructure;CZJ2511H1G;","
Infrastructure;CZJ450098W;","
Infrastructure;CZJ2511H1R;","
Infrastructure;FCH21377JS2;","
Infrastructure;CZJ2511H1R;","
Infrastructure;CZ34122RMM;","
Infrastructure;CZJ2511H1B;","
Infrastructure;CZ34122RMV;","
Infrastructure;CZJ2511H1G;","
Infrastructure;CZ34122RLV;","
Infrastructure;CZJ2511H1B;","
Infrastructure;CZ34122RMC;","
Infrastructure;CZJ2511H1Q;","
Infrastructure;CZ34122RLX;","
Infrastructure;CZJ35106CB;","
APPLICATION;CZ34122RMX;","
APPLICATION;CZJ2511H14;","
Infrastructure;CZ34122RM0;","
Infrastructure;CZJ2511H1R;","
Infrastructure;CZ34122RMS;","
Infrastructure;CZJ2511H1N;","
Infrastructure;CZ34122RME;","
infrastructure;CZJ35106CC;","
APPLICATION;CZ34122RM0;","
infrastructure;CZ25390H5C;","
APPLICATION;CZ34122RMM;","
APPLICATION;CZJ4500993;","
infrastructure;FCH21367NN2;","
infrastructure;CZJ2511H1F;","
infrastructure;CZ3328JVHY;","
infrastructure;CZ34122RM0;","
Infrastructure;CZJ2511H1B;","
infrastructure;CZJ4500992;","
infrastructure;CZ34122RMS;","
APPLICATION;CZ34122RLX;","
APPLICATION;CZ34122RMH;","
APPLICATION;CZJ2511H1K;","
APPLICATION;CZJ2390PR2;","
APPLICATION;CZ34122RM6;","
APPLICATION;CZ34122RMC;","
Infrastructure;CZ34122RMX;","
infrastructure;CZ25390H5J;","
infrastructure;CZJ4500995;","
APPLICATION;CZJ2390PR5;","
APPLICATION;CZ34122RLX;","
APPLICATION;CZJ2511H1P;","
APPLICATION;CZ34122RMP;","
APPLICATION;CZJ2511H1Q;","
APPLICATION;CZ34122RLP;","
APPLICATION;CZJ2511H15;","
APPLICATION;CZ34122RLK;","
APPLICATION;CZ34122RMV;","
APPLICATION;CZ34122RM0;","
APPLICATION;CZJ2390PR2;","
APPLICATION;CZ34122RMH;","
APPLICATION;CZJ35106CF;","
APPLICATION;CZJ4500994;","
APPLICATION;CZJ2511H1Q;","
APPLICATION;CZ34122RM4;","
APPLICATION;CZJ2511H1B;","
APPLICATION;CZ34122RLP;","
APPLICATION;CZJ2511H1B;","
APPLICATION;CZJ35106CC;","
APPLICATION;CZ34122RME;","
APPLICATION;CZJ2390PR5;","
APPLICATION;CZ34122RMA;","
APPLICATION;CZJ2511H12;","
APPLICATION;CZ34122RMS;","
APPLICATION;CZJ4500993;","
Infrastructure;CZ34122RMP;","
Infrastructure;CZJ35106CF;","
APPLICATION;CZJ2511H1R;","
Infrastructure;CZJ4500992;","
Infrastructure;CZJ2511H15;","
infrastructure;CZ34122RM4;","
APPLICATION;CZJ35106CC;","
Infrastructure;CZ34122RMM;","
Infrastructure;CZJ2511H1N;","
Infrastructure;CZ34122RMK;","
Infrastructure;CZJ2390PR5;","
Infrastructure;CZ34122RLP;","
APPLICATION;;","
APPLICATION;CZ34122RMP;","
Infrastructure;CZ34122RM4;","
Infrastructure;CZJ2390PR9;","
APPLICATION;CZJ2511H1G;","
APPLICATION;CZ34122RMC;","
APPLICATION;CZJ4500992;","
APPLICATION;CZJ2511H1G;","
APPLICATION;CZ34122RMK;","
APPLICATION;CZ34122RM4;","
APPLICATION;CZ34122RM4;","
APPLICATION;CZJ2390PR2;","
APPLICATION;CZ34122RLK;","
APPLICATION;CZ34122RM2;","
APPLICATION;CZJ2511H1P;","
APPLICATION;CZ34122RME;","
APPLICATION;CZ34122RMH;","
APPLICATION;CZJ2390PR9;","
APPLICATION;CZ34122RMS;","
infrastructure;CZJ450098W;","
infrastructure;CZJ2390PR9;","
APPLICATION;CZ34122RMA;","
APPLICATION;CZJ2511H1Q;","
APPLICATION;CZ34122RMV;","
APPLICATION;CZJ450098W;","
APPLICATION;CZ34122RMV;","
APPLICATION;CZJ450098W;","
Infrastructure;CZ34122RMP;","
APPLICATION;CZ34122RME;","
APPLICATION;CZ34122RMX;","
APPLICATION;CZJ450098W;","
APPLICATION;CZ25390H5M;","
APPLICATION;CZ25390H5M;","
APPLICATION;CZ34122RM8;","
APPLICATION;CZ34122RM2;","
APPLICATION;CZ34122RM6;","
APPLICATION;CZ25390H5L;","
APPLICATION;CZJ450098X;","
APPLICATION;CZ25390H5N;","
APPLICATION;CZJ450099F;","
APPLICATION;CZ25390H5N;","
APPLICATION;CZJ450099F;","
APPLICATION;CZ25390H5D;","
APPLICATION;CZJ450098X;","
APPLICATION;CZ25390H5N;","
APPLICATION;CZJ450098X;","
APPLICATION;CZ25390H5H;","
APPLICATION;CZ25390H5C;","
APPLICATION;CZ25390H5C;","
APPLICATION;CZ25390H5C;","
APPLICATION;CZ25390H5L;","
APPLICATION;CZJ450098Z;","
APPLICATION;CZ25390H5N;","
DATABASE;FCH23047B9W;","
DATABASE;FCH23047B9W;","
DATABASE;FCH213976A8;","
DATABASE;FCH21397663;","
DATABASE;FCH21377K07;","
DATABASE;CZ25390H5F;","
DATABASE;CZJ450098X;","
DATABASE;CZ25390H5L;","
DATABASE;CZJ4500995;","
DATABASE;CZ25390H5K;","
DATABASE;CZ25390H5C;","
APPLICATION;CZ25390H5K;","
APPLICATION;CZJ450099F;","
APPLICATION;CZ25390H5C;","
APPLICATION;CZJ4500995;","
APPLICATION;CZ25390H5M;","
APPLICATION;CZJ4500995;","
APPLICATION;CZ25390H5N;","
APPLICATION;CZJ450098X;","
APPLICATION;CZ25390H5G;","
APPLICATION;CZJ450098X;","
APPLICATION;CZ25390H5D;","
APPLICATION;CZ25390H5D;","
APPLICATION;CZ25390H5C;","
APPLICATION;CZJ450098Z;","
APPLICATION;CZ25390H5K;","
APPLICATION;CZJ450099G;","
APPLICATION;CZ25390H5F;","
APPLICATION;CZ25390H5K;","
APPLICATION;CZJ2511H12;","
APPLICATION;CZ34122RLP;","
APPLICATION;CZ34122RLP;","
APPLICATION;CZ34122RM6;","
APPLICATION;CZ34122RMK;","
APPLICATION;CZ34122RLV;","
APPLICATION;CZ34122RMK;","
APPLICATION;CZ34122RLK;","
APPLICATION;CZ34122RMS;","
APPLICATION;CZJ2511H10;","
APPLICATION;CZ34122RMM;","
APPLICATION;CZ3328JVHY;","
APPLICATION;CZ34122RLP;","
APPLICATION;CZJ2511H0V;","
APPLICATION;CZJ450098W;","
APPLICATION;CZJ2511H1F;","
APPLICATION;CZJ4500992;","
APPLICATION;CZJ2511H1P;","
APPLICATION;CZ34122RLP;","
APPLICATION;CZJ35106CF;","
APPLICATION;CZ34122RMK;","
APPLICATION;CZJ2511H1K;","
APPLICATION;CZ34122RMX;","
APPLICATION;CZJ2511H1N;","
APPLICATION;CZJ4500993;","
APPLICATION;CZ34122RMK;","
APPLICATION;CZ34122RLV;","
APPLICATION;CZJ4500994;","
APPLICATION;CZ25390H5K;","
APPLICATION;CZ25390H5L;","
APPLICATION;CZ25390H5L;","
APPLICATION;CZ25390H5F;","
APPLICATION;CZ25390H5J;","
APPLICATION;CZ25390H5K;","
APPLICATION;CZ25390H5L;","
APPLICATION;CZ25390H5M;","
APPLICATION;CZ25390H5G;","
APPLICATION;CZ25390H5F;","
APPLICATION;FCH21377K07;","
APPLICATION;CZ25390H5F;","
APPLICATION;CZ25390H5H;","
APPLICATION;CZ25390H5D;","
APPLICATION;CZ34122RLV;","
APPLICATION;CZ34122RME;","
DATABASE;CZJ2511H10;","
DATABASE;CZ3328JVJ7;","
DATABASE;CZJ2511H1G;","
DATABASE;CZJ2511H12;","
DATABASE;CZ3328JVHY;","
DATABASE;CZ3328JVHY;","
DATABASE;CZJ2511H1J;","
APPLICATION;CZJ450098Y;","
APPLICATION;CZ34122RLM;","
APPLICATION;CZJ2511H1K;","
DATABASE;CZJ4500996;","
DATABASE;CZJ2511H1P;","
DATABASE;CZ34122RMS;","
DATABASE;CZ34122RMH;","
DATABASE;CZ34122RM0;","
DATABASE;CZ3328JVHY;","
DATABASE;CZ34122RMH;","
DATABASE;CZJ2511H15;","
DATABASE;CZJ2511H10;","
DATABASE;CZJ450099D;","
DATABASE;CZJ450099D;","
DATABASE;CZJ4500997;","
DATABASE;CZJ4500999;","
DATABASE;CZJ2390PR9;","
DATABASE;CZ23510BG3;","
DATABASE;CZJ2511H1G;","
DATABASE;CZJ450098Y;","
DATABASE;CZJ4500997;","
DATABASE;CZ3328JVJ3;","
DATABASE;CZJ2511H0V;","
DATABASE;CZ3325HKC5;","
DATABASE;CZ3325HKC1;","
DATABASE;CZ3328JVJB;","
DATABASE;CZ3328JVHT;","
DATABASE;CZ3328JVJF;","
DATABASE;CZ3325HKC1;","
DATABASE;CZJ4500999;","
DATABASE;CZJ2390PR5;","
DATABASE;CZ23510BG3;","
DATABASE;CZ3328JVHT;","
DATABASE;CZ3328JVJ7;","
DATABASE;CZ3325HKBW;","
DATABASE;CZ25390H5C;","
DATABASE;CZ25390H5H;","
DATABASE;CZ25390H5H;","
DATABASE;CZ34122RMH;","
DATABASE;CZ34122RME;","
DATABASE;CZ34122RM8;","
DATABASE;CZ34122RMK;","
DATABASE;CZ34122RM0;","
DATABASE;CZ34122RMS;","
DATABASE;CZ34122RM8;","
DATABASE;CZ34122RMH;","
DATABASE;CZ34122RM8;","
DATABASE;CZ34122RM8;","
DATABASE;CZ34122RMH;","
DATABASE;CZ34122RMX;","
DATABASE;CZ34122RMA;","
DATABASE;CZ34122RM8;","
DATABASE;CZ25390H5M;","
DATABASE;CZ25390H5F;","
DATABASE;CZJ2511H1P;","
DATABASE;CZJ2511H1J;","
APPLICATION;CZJ2511H12;","
DATABASE;CZ34122RMA;","
DATABASE;CZ34122RME;","
DATABASE;CZJ4500999;","
DATABASE;CZJ4500996;","
DATABASE;CZJ4500997;","
DATABASE;CZJ2511H1J;","
DATABASE;CZ34122RMS;","
DATABASE;CZ34122RMX;","
APPLICATION;CZJ35106CB;","
APPLICATION;CZJ2511H1R;","
APPLICATION;CZJ2511H1F;","
APPLICATION;CZJ2511H1Q;","
APPLICATION;CZJ2390PR2;","
APPLICATION;CZ34122RM4;","
APPLICATION;CZJ2511H15;","
APPLICATION;CZ34122RMM;","
APPLICATION;CZJ35106CB;","
APPLICATION;CZJ2511H1N;","
APPLICATION;CZJ2511H1J;","
infrastructure;CZJ450098W;","
APPLICATION;CZJ4500994;","
Infrastructure;CZJ4500993;","
Infrastructure;CZ34122RM4;","
Infrastructure;CZ34122RMV;","
Infrastructure;CZJ2511H14;","
Infrastructure;CZ34122RMC;","
APPLICATION;CZ34122RM4;","
APPLICATION;CZJ35106CB;","
APPLICATION;CZ25390H5M;","
APPLICATION;CZJ4500995;","
APPLICATION;FCH21367NN2;","
APPLICATION;CZJ450098X;","
APPLICATION;CZJ35106CB;","
APPLICATION;CZ34122RMA;","
APPLICATION;CZ34122RLX;","
APPLICATION;CZJ2511H10;","
APPLICATION;CZ34122RM4;","
APPLICATION;CZJ2511H10;","
APPLICATION;CZ34122RMA;","
APPLICATION;CZJ2511H1K;","
APPLICATION;CZ34122RMS;","
APPLICATION;CZJ2511H1L;","
Infrastructure;CZJ4500993;","
Infrastructure;CZ34122RLK;","
Infrastructure;CZJ450098W;","
infrastructure;CZ3451KPN3;","
APPLICATION;CZJ2511H1K;","
DATABASE;CZ25390H5J;","
Infrastructure;CZ34122RMP;","
APPLICATION;CZ3328JVHT;","
APPLICATION;CZJ35106CB;","
APPLICATION;CZ3325HKBW;","
APPLICATION;CZJ2390PR9;","
APPLICATION;CZ3325HKBW;","
APPLICATION;CZ3325HKBW;","
DATABASE;CZ3328JVHY;","
DATABASE;CZ3325HKC1;","
DATABASE;CZ3328JVJB;","
DATABASE;CZJ2390PR5;","
APPLICATION;CZ34122RME;","
infrastructure;CZ34122RM6;","
DATABASE;;","
DATABASE;;","
DATABASE;;","
DATABASE;;","
APPLICATION;;","
APPLICATION;;","
DATABASE;;","
Infrastructure;FCH213973ZK;","
Infrastructure;CZ25390H5G;","
Infrastructure;CZJ450098Z;","
Infrastructure;CZ25390H5N;","
Infrastructure;CZJ4500995;","
Infrastructure;CZ25390H5F;","
Infrastructure;CZJ450099F;","
Infrastructure;CZ25390H5L;","
Infrastructure;CZ25390H5D;","
Infrastructure;CZJ450099G;","
Infrastructure;CZ25390H5H;","
Infrastructure;CZJ4500991;","
Infrastructure;CZ25390H5K;","
Infrastructure;CZ25390H5C;","
Infrastructure;CZ25390H5J;","
Infrastructure;CZ25390H5M;","
APPLICATION;06M4091;","
APPLICATION;06T8142;","
APPLICATION;06M4092;","
APPLICATION;06T8148;","
APPLICATION;06D3963;","
DATABASE;06T8142;","
infrastructure;CZJ450098X;","
APPLICATION;06T8068;","
APPLICATION;06T8142;","
APPLICATION;06M4091;","
APPLICATION;689027;","
APPLICATION;06M4091;","
APPLICATION;06M4091;","
APPLICATION;06T8142;","
APPLICATION;689040;","
APPLICATION;689037;","
Infrastructure;06T8142;","
Infrastructure;06T8139;","
Infrastructure;06V0102;","
Infrastructure;06T8148;","
Infrastructure;06M4091;","
Infrastructure;06M4092;","
Infrastructure;06T8068;","
infrastructure;06D3963;","
infrastructure;06D3994;","
infrastructure;06ZDFG4;","
infrastructure;689040;","
infrastructure;689034;","
infrastructure;689041;","
infrastructure;06D3961;","
infrastructure;689042;","
infrastructure;06M4100;","
infrastructure;689038;","
infrastructure;689031;","
infrastructure;646575;","
infrastructure;06X6492;","
infrastructure;06YGGK2;","
infrastructure;06ZDFF9;","
infrastructure;06ZDFG0;","
infrastructure;06ZDFG2;","
infrastructure;06ZDFG5;","
infrastructure;06ZDFG3;","
infrastructure;06ZDPZ6;","
APPLICATION;06T8068;","
infrastructure;06T8062;","
APPLICATION;06V0102;","
APPLICATION;06T8148;","
APPLICATION;06YGGK2;","
APPLICATION;06V0102;","
DATABASE;06ZDFF9;","
DATABASE;06T8148;","
infrastructure;FCH21377K07;","
infrastructure;FCH21367NN2;","
infrastructure;FCH21397663;","
infrastructure;FCH21377H1A;","
infrastructure;689027;","
infrastructure;689037;","
APPLICATION;06T8068;","
APPLICATION;06M4091;","
APPLICATION;06T8142;","
APPLICATION;06T8148;","
APPLICATION;06T8142;","
APPLICATION;06T8148;","
APPLICATION;06T8148;","
APPLICATION;06T8139;","
APPLICATION;06M4091;","
APPLICATION;06M4091;","
APPLICATION;06T8139;","
APPLICATION;06T8142;","
APPLICATION;06T8139;","
APPLICATION;06M4091;","
APPLICATION;06M4091;","
Infrastructure;06M4091;","
Infrastructure;06T8068;","
APPLICATION;06T8142;","
APPLICATION;06T8148;","
Infrastructure;06M4091;","
APPLICATION;06T8142;","
APPLICATION;06M4091;","
APPLICATION;06T8148;","
APPLICATION;06M4091;","
APPLICATION;06T8139;","
APPLICATION;06YGGK2;","
APPLICATION;06T8139;","
APPLICATION;689031;","
APPLICATION;06T8142;","
APPLICATION;06T8148;","
APPLICATION;06T8139;","
APPLICATION;06T8142;","
APPLICATION;06T8139;","
APPLICATION;06M4091;","
APPLICATION;06T8142;","
APPLICATION;06T8148;","
APPLICATION;06M4091;","
APPLICATION;06M4091;","
APPLICATION;06T8142;","
APPLICATION;06T8139;","
APPLICATION;06T8148;","
APPLICATION;06T8139;","
APPLICATION;06T8139;","
APPLICATION;06T8142;","
APPLICATION;06T8068;","
APPLICATION;06T8148;","
APPLICATION;06M4091;","
Infrastructure;06T8139;","
APPLICATION;06T8142;","
APPLICATION;06T8142;","
APPLICATION;06T8148;","
APPLICATION;06T8148;","
APPLICATION;06T8142;","
APPLICATION;06M4091;","
APPLICATION;06T8148;","
APPLICATION;06V0102;","
APPLICATION;06T8148;","
APPLICATION;06T8139;","
APPLICATION;06YGGK2;","
APPLICATION;06ZDFF9;","
APPLICATION;06YGGK2;","
APPLICATION;06ZDFF9;","
APPLICATION;06V0102;","
APPLICATION;06M4091;","
APPLICATION;06T8139;","
APPLICATION;06T8139;","
APPLICATION;06T8139;","
APPLICATION;06T8142;","
DATABASE;06T8148;","
DATABASE;06V0102;","
APPLICATION;06V0102;","
DATABASE;06M4091;","
DATABASE;06T8139;","
APPLICATION;06T8142;","
DATABASE;06T8142;","
DATABASE;06T8142;","
APPLICATION;06T8142;","
APPLICATION;06T8139;","
DATABASE;06T8139;","
DATABASE;06T8142;","
APPLICATION;06T8142;","
APPLICATION;06T8142;","
APPLICATION;06V0102;","
APPLICATION;06V0102;","
DATABASE;06ZDFG0;","
DATABASE;FCH213976B1;","
APPLICATION;CZJ450099F;","
APPLICATION;CZ25390H5J;","
APPLICATION;CZ36505L38;","
APPLICATION;FCH21377JS2;","
APPLICATION;FCH21377JS2;","
DATABASE;CZ3325HKC5;","
APPLICATION;06V0102;","
APPLICATION;CZ23510BG3;","
APPLICATION;689040;","
APPLICATION;06M4100;","
APPLICATION;689040;","
APPLICATION;;","
APPLICATION;;","
APPLICATION;;","
APPLICATION;;","
APPLICATION;06M4091;","
APPLICATION;06M4092;","
APPLICATION;06T8148;","
APPLICATION;06T8148;","
APPLICATION;06M4092;","
APPLICATION;06M4092;","
APPLICATION;06T8142;","
APPLICATION;06T8142;","
Infrastructure;06T8142;","
Infrastructure;06M4091;","
APPLICATION;06M4092;","
Infrastructure;CZ3328JVHY;","
Infrastructure;CZ3325HKC5;","
Infrastructure;CZ23510BG3;","
APPLICATION;FCH212675BL;","
APPLICATION;FCH21377JVV;","
APPLICATION;CZ25390H5K;","
APPLICATION;CZ25390H5G;","
APPLICATION;CZ25390H5H;","
APPLICATION;CZ25390H5H;","
Infrastructure;06T8068;","
Infrastructure;06T8139;","
Infrastructure;06M4092;","
Infrastructure;06M4091;","
Infrastructure;06T8068;","
Infrastructure;06T8139;","
Infrastructure;06M4092;","
Infrastructure;06T8068;","
Infrastructure;06M4092;","
Infrastructure;06T8148;","
APPLICATION;FCH21367NN2;","
APPLICATION;FCH21377JVV;","
APPLICATION;06ZDFG2;","
Infrastructure;646575;","
Infrastructure;06D3963;","
Infrastructure;689040;","
Infrastructure;689040;","
Infrastructure;689038;","
Infrastructure;689040;","
Infrastructure;06X6492;","
Infrastructure;06D3994;","
Infrastructure;646575;","
Infrastructure;06D3961;","
Infrastructure;06M4100;","
APPLICATION;06D3961;","
APPLICATION;06ZDPZ6;","
APPLICATION;06ZDFG3;","
Infrastructure;CZ34122RM4;","
APPLICATION;CZ3328JVJ7;","
APPLICATION;06ZDFF9;","
DATABASE;06T8142;","
Infrastructure;CZJ450098X;","
APPLICATION;06M4091;","
APPLICATION;06M4091;","
APPLICATION;06T8068;","
APPLICATION;06M4091;","
DATABASE;06M4091;","
APPLICATION;06T8142;","
APPLICATION;06M4091;","
APPLICATION;06M4091;","
APPLICATION;06T8142;","
DATABASE;06M4091;","
DATABASE;06M4091;","
DATABASE;06T8142;","
DATABASE;06T8148;","
DATABASE;06T8142;","
DATABASE;06T8142;","
DATABASE;06T8142;","
DATABASE;06T8139;","
DATABASE;06T8148;","
DATABASE;06ZDFG3;","
DATABASE;06M4091;","
DATABASE;06V0102;","
APPLICATION;06V0102;","
APPLICATION;06M4091;","
DATABASE;06T8148;","
APPLICATION;06M4091;","
APPLICATION;06T8148;","
DATABASE;06T8139;","
APPLICATION;CZ3328JVJ7;","
APPLICATION;CZJ2390PR5;","
APPLICATION;FCH213976B1;","
APPLICATION;CZJ450099G;","
DATABASE;CZJ450098Z;","
APPLICATION;06T8139;","
APPLICATION;06T8068;","
APPLICATION;06M4091;","
APPLICATION;06M4091;","
DATABASE;06ZDFG3;","
APPLICATION;CZ3328JVJ7;","
APPLICATION;CZJ2511H1F;","
APPLICATION;FCH213976B1;","
APPLICATION;CZJ450099G;","
APPLICATION;06M4091;","
APPLICATION;06M4092;","
APPLICATION;06ZDFF9;","
APPLICATION;06M4091;","
Infrastructure;06M4091;","
Infrastructure;06T8148;","
Infrastructure;06T8068;","
DATABASE;06ZDFG0;","
APPLICATION;06M4092;","
Infrastructure;06T8139;","
APPLICATION;689038;","
APPLICATION;06M4100;","
APPLICATION;CZJ450098Z;","
APPLICATION;689031;","
Infrastructure;06X6492;","
Infrastructure;CZJ450099G;","
APPLICATION;689031;","
APPLICATION;06D3963;","
APPLICATION;06D3963;","
APPLICATION;CZ25390H5F;","
APPLICATION;689042;","
APPLICATION;689040;","
APPLICATION;06M4091;","
APPLICATION;689042;","
APPLICATION;689031;","
APPLICATION;689031;","
APPLICATION;CZ3328JVJF;","
APPLICATION;06T8148;","
APPLICATION;CZJ35106CF;","
APPLICATION;CZ3328JVHT;","
APPLICATION;06M4100;","
APPLICATION;646575;","
APPLICATION;06ZDFF9;","
APPLICATION;CZ3328JVHY;","
DATABASE;CZ34122RM6;","
APPLICATION;CZJ35106CF;","
APPLICATION;06YGGK2;","
APPLICATION;06ZDFF9;","
infrastructure;06T8062;","
APPLICATION;06M4091;","
APPLICATION;689040;","
infrastructure;06D3961;","
infrastructure;06D3963;","
infrastructure;CZJ4500995;","
APPLICATION;06T8062;","
APPLICATION;06T8062;","
APPLICATION;CZ25390H5K;","
APPLICATION;CZ3351WW2Y;","
APPLICATION;CZ3328JVJB;","
APPLICATION;CZ3328JVJB;","
APPLICATION;CZ3328JVHY;","
APPLICATION;CZ25390H5G;","
APPLICATION;CZ23510BG3;","
APPLICATION;CZ23510BG3;","
APPLICATION;CZ3328JVJB;","
infrastructure;CZJ2511H1G;","
infrastructure;CZJ4500991;","
infrastructure;CZ25390H5H;","
infrastructure;CZ3328JVJF;","
infrastructure;CZ3325HKC5;","
infrastructure;CZJ4500995;","
infrastructure;CZJ450099G;","
infrastructure;CZ25390H5K;","
infrastructure;CZ25390H5G;","
APPLICATION;CZJ450099G;","
APPLICATION;CZ25390H5G;","
APPLICATION;CZ3328JVHY;","
APPLICATION;CZ3328JVJ7;","
DATABASE;CZ3328JVJF;","
APPLICATION;FCH21377JS2;","
APPLICATION;FCH21377JS2;","
DATABASE;FCH21377JS2;","
APPLICATION;CZ34122RME;","
APPLICATION;CZ3328JVJ7;","
infrastructure;CZ25390H5L;","
infrastructure;CZ25390H5M;","
APPLICATION;CZJ2511H14;","
infrastructure;CZ25390H5J;","
infrastructure;CZ25390H5J;","
infrastructure;CZ25390H5J;","
infrastructure;CZ25390H5J;","
infrastructure;CZ25390H5C;","
infrastructure;CZ25390H5J;","
infrastructure;CZ25390H5J;","
infrastructure;CZ25390H5J;","
infrastructure;CZ25390H5C;","
infrastructure;CZ25390H5M;","
infrastructure;CZ25390H5J;","
infrastructure;CZ25390H5J;","
infrastructure;CZ25390H5J;","
DATABASE;CZ25390H5J;","
DATABASE;CZ25390H5J;","
DATABASE;CZ25390H5M;","
APPLICATION;CZ25390H5H;","
infrastructure;CZ25390H5C;","
infrastructure;CZ25390H5G;","
infrastructure;CZ25390H5J;","
infrastructure;CZ25390H5D;","
APPLICATION;CZ34122RMH;","
Infrastructure;FCH21377K07;","
Infrastructure;FCH21367NN2;","
APPLICATION;CZJ35106CF;","
APPLICATION;CZJ2511H12;","
APPLICATION;CZ3328JVJ3;","
APPLICATION;CZ23510BG3;","
APPLICATION;CZJ2511H1L;","
APPLICATION;CZ3328JVJF;","
DATABASE;CZ34122RMK;","
DATABASE;CZ34122RM6;","
APPLICATION;CZ25390H5J;","
APPLICATION;CZ3328JVJF;","
APPLICATION;CZ3328JVJF;","
DATABASE;CZ3328JVJ7;","
APPLICATION;CZ3325HKBW;","
APPLICATION;CZ3328JVHT;","
APPLICATION;CZ34122RLX;","
APPLICATION;CZ34122RMX;","
APPLICATION;CZJ35106CF;","
DATABASE;06ZDFF9;","
APPLICATION;CZ3328JVJ7;","
APPLICATION;CZ3328JVJ7;","
APPLICATION;CZ3328JVJ7;","
infrastructure;FCH213973ZK;","
infrastructure;FCH21377JS2;","
infrastructure;FCH213976U1;","
infrastructure;FCH212675BL;","
infrastructure;FCH213976B1;","
infrastructure;FCH21377JVV;","
infrastructure;CZ25390H5D;","
infrastructure;CZ25390H5D;","
infrastructure;CZ25390H5D;","
infrastructure;CZ25390H5D;","
infrastructure;CZ25390H5K;","
APPLICATION;CZJ2511H1L;","
APPLICATION;CZ34122RLS;","
APPLICATION;CZ34122RLS;","
APPLICATION;CZ34122RMX;","
infrastructure;FCH213976C4;","
APPLICATION;CZJ35106CF;","
APPLICATION;CZJ35106CC;","
APPLICATION;CZJ450098W;","
DATABASE;CZ23510BG3;","
DATABASE;CZ34122RM0;","
APPLICATION;CZ3328JVJF;","
APPLICATION;CZ3325HKC5;","
APPLICATION;CZ3328JVJ3;","
APPLICATION;06M4091;","
APPLICATION;CZ3328JVJF;","
APPLICATION;CZ3328JVJF;","
APPLICATION;CZ3328JVJB;","
APPLICATION;CZ3328JVJB;","
DATABASE;689038;","
DATABASE;CZ34122RLH;","
DATABASE;CZ34122RLS;","
DATABASE;FCH23047B9W;","
DATABASE;FCH23047B9W;","
DATABASE;FCH23047B9W;","
infrastructure;FCH230570V0;","
infrastructure;FCH230475P7;","
infrastructure;FCH230570V0;","
infrastructure;FCH230570ZL;","
infrastructure;FCH23047B9W;","
infrastructure;FCH230571K2;","
infrastructure;FCH23047BUK;","
infrastructure;FCH23047B9W;","
infrastructure;FCH23047B9W;","
infrastructure;FCH23047B9W;","
infrastructure;FCH23047B9W;","
infrastructure;FCH23047B9W;","
infrastructure;FCH23047B9W;","
infrastructure;FCH23047B9W;","
infrastructure;FCH23047B9W;","
infrastructure;FCH23047B9W;","
infrastructure;FCH23047B9W;","
infrastructure;FCH23047B9W;","
infrastructure;FCH23047B9W;","
infrastructure;FCH23047B9W;","
infrastructure;FCH23047B9W;","
infrastructure;FCH23047B9W;","
infrastructure;FCH23047B9W;","
infrastructure;FCH23047B9W;","
infrastructure;FCH23047B9W;","
infrastructure;FCH23047B9W;","
infrastructure;FCH23047B9W;","
APPLICATION;FCH21377JS2;","
APPLICATION;CZ3325HKBW;","
APPLICATION;CZ3325HKBW;","
APPLICATION;FCH21377JS2;","
APPLICATION;FCH213973ZK;","
infrastructure;CZJ2511H1R;","
APPLICATION;FCH230475P7;","
APPLICATION;FCH230570V0;","
DATABASE;FCH230570V0;","
APPLICATION;FCH230475P7;","
DATABASE;06M4100;","
APPLICATION;FCH230570V0;","
APPLICATION;FCH21377JS2;","
APPLICATION;FCH21377JS2;","
infrastructure;FCH21377JS2;","
DATABASE;689034;","
DATABASE;689031;","
infrastructure;FCH230570ZL;","
infrastructure;FCH212675BL;","
infrastructure;FCH23047BUK;","
infrastructure;FCH213976U1;","
infrastructure;FCH230475P7;","
infrastructure;FCH212675BL;","
infrastructure;FCH213973ZK;","
infrastructure;FCH21377JS2;","
infrastructure;FCH213976U1;","
infrastructure;FCH213976C4;","
infrastructure;FCH212675BL;","
infrastructure;FCH213976B1;","
infrastructure;FCH21377JVV;","
infrastructure;FCH2305712W;","
infrastructure;FCH230475NX;","
infrastructure;FCH230475P7;","
infrastructure;FCH230570V0;","
infrastructure;FCH230570ZL;","
infrastructure;FCH23047B46;","
infrastructure;FCH23047B9W;","
infrastructure;FCH230571K2;","
infrastructure;FCH23047BUK;","
infrastructure;FCH230571K2;","
infrastructure;FCH23047B46;","
infrastructure;FCH23047BUK;","
infrastructure;FCH230571K2;","
infrastructure;FCH230570ZL;","
infrastructure;FCH230570ZL;","
infrastructure;KQ6R2NP;","
infrastructure;KQ6R2NL;","
APPLICATION;06DD1DP;","
APPLICATION;06DD1DP;","
APPLICATION;06DD1DP;","
APPLICATION;06DD1DP;","
APPLICATION;06DD1DP;","
APPLICATION;06DD1DP;","
APPLICATION;06DD1DP;","
APPLICATION;06DD1DP;","
APPLICATION;06DD1DP;","
APPLICATION;FCH21377JS2;","
APPLICATION;FCH213976U1;","
APPLICATION;FCH213976C4;","
APPLICATION;FCH213976U1;","
APPLICATION;FCH21377JS2;","
infrastructure;FCH23047BUK;","
infrastructure;FCH23047BUK;","
infrastructure;FCH23047BUK;","
APPLICATION;FCH213976U1;","
APPLICATION;FCH213976U1;","
APPLICATION;FCH21377JS2;","
APPLICATION;FCH23047B46;","
APPLICATION;FCH230475P7;","
APPLICATION;FCH213976C4;","
DATABASE;FCH213976B1;","
DATABASE;FCH213976B1;","
DATABASE;FCH213976B1;","
infrastructure;FCH212675BL;","
infrastructure;FCH213976B1;","
infrastructure;FCH213976B1;","
infrastructure;FCH23047BUK;","
infrastructure;FCH23047B9W;","
infrastructure;FCH230571K2;","
APPLICATION;FCH23047B46;","
APPLICATION;FCH230570ZL;","
APPLICATION;FCH23047B46;","
APPLICATION;FCH23047B46;","
APPLICATION;FCH230475P7;","
APPLICATION;FCH213976C4;","
infrastructure;FCH21377JS2;","
APPLICATION;FCH230475P7;","
APPLICATION;FCH230570ZL;","
APPLICATION;FCH23047B46;","
DATABASE;FCH23047B46;","
DATABASE;FCH230475P7;","
APPLICATION;FCH230475P7;","
APPLICATION;FCH230570V0;","
APPLICATION;FCH230570V0;","
APPLICATION;FCH23047B46;","
APPLICATION;FCH230570V0;","
infrastructure;FCH213976C4;","
Infrastructure;FCH230475P7;","
Infrastructure;FCH230570ZL;","
Infrastructure;FCH230570ZL;","
Infrastructure;FCH230570ZL;","
Infrastructure;FCH23047B46;","
Infrastructure;FCH23047B46;","
Infrastructure;FCH23047B46;","
APPLICATION;FCH213976C4;","
APPLICATION;FCH213976C4;","
APPLICATION;FCH213973ZK;","
APPLICATION;FCH213976U1;","
APPLICATION;FCH213976C4;","
APPLICATION;FCH230570ZL;","
infrastructure;FCH213976C4;","
infrastructure;FCH21377JS2;","
APPLICATION;FCH213973ZK;","
infrastructure;FCH213976U1;","
infrastructure;FCH21377JS2;","
APPLICATION;FCH213976B1;","
APPLICATION;FCH23047B9W;","
APPLICATION;FCH213973ZK;","
APPLICATION;FCH230570V0;","
infrastructure;FCH213973ZK;","
APPLICATION;FCH21377JS2;","
APPLICATION;FCH230475P7;","
APPLICATION;FCH230570ZL;","
APPLICATION;FCH230570ZL;","
APPLICATION;FCH213976U1;","
APPLICATION;CZJ2511H1L;","
APPLICATION;CZ34122RMS;","
APPLICATION;CZJ2511H1L;","
APPLICATION;FCH230570ZL;","
APPLICATION;FCH230570V0;","
APPLICATION;FCH23047B46;","
DATABASE;FCH23047B46;","
DATABASE;FCH230570V0;","
APPLICATION;FCH23047BUK;","
APPLICATION;FCH230571K2;","
APPLICATION;FCH212675BL;","
APPLICATION;FCH212675BL;","
APPLICATION;FCH212675BL;","
APPLICATION;FCH212675BL;","
APPLICATION;FCH230570V0;","
DATABASE;FCH23047B46;","
DATABASE;FCH230570V0;","
DATABASE;FCH213976U1;","
APPLICATION;FCH23047B46;","
DATABASE;FCH213976C4;","
DATABASE;FCH230570ZL;","
infrastructure;FCH213973ZK;","
infrastructure;FCH212675BL;","
infrastructure;FCH21377JVV;","
infrastructure;FCH230475P7;","
infrastructure;FCH230570ZL;","
infrastructure;FCH230571K2;","
infrastructure;FCH23047BUK;","
infrastructure;FCH230570ZL;","
infrastructure;FCH23047B9W;","
APPLICATION;FCH213973ZK;","
APPLICATION;FCH230570ZL;","
APPLICATION;FCH230475P7;","
APPLICATION;FCH213976C4;","
APPLICATION;FCH23047B46;","
APPLICATION;FCH230475P7;","
APPLICATION;FCH213973ZK;","
APPLICATION;FCH213973ZK;","
DATABASE;FCH213973ZK;","
DATABASE;FCH213976C4;","
DATABASE;FCH23047B46;","
DATABASE;FCH23047B46;","
APPLICATION;FCH213973ZK;","
APPLICATION;FCH213976C4;","
APPLICATION;FCH230475P7;","
APPLICATION;FCH23047B46;","
APPLICATION;FCH23047B46;","
APPLICATION;FCH230570ZL;","
DATABASE;FCH230570ZL;","
DATABASE;FCH213976C4;","
DATABASE;FCH213976C4;","
DATABASE;FCH230570ZL;","
DATABASE;FCH23047B46;","
APPLICATION;FCH23047B46;","
DATABASE;FCH230570ZL;","
DATABASE;FCH230570ZL;","
APPLICATION;FCH23047B46;","
APPLICATION;FCH213976C4;","
infrastructure;CZ34122RLX;","
infrastructure;FCH230570V0;","
APPLICATION;FCH230570ZL;","
APPLICATION;FCH213976U1;","
APPLICATION;FCH230570ZL;","
APPLICATION;FCH230475P7;","
DATABASE;FCH230570V0;","
APPLICATION;FCH230475P7;","
APPLICATION;FCH212675BL;","
APPLICATION;FCH213976B1;","
APPLICATION;FCH21377JVV;","
infrastructure;06ECE0P;","
infrastructure;06M4094;","
infrastructure;689029;","
APPLICATION;10A06E2;","
APPLICATION;10A06E2;","
APPLICATION;06ECE0P;","
APPLICATION;10A06E2;","
APPLICATION;10A06E2;","
APPLICATION;10A06E2;","
APPLICATION;06ECE0P;","
APPLICATION;10A06E2;","
APPLICATION;06ECE0P;","
APPLICATION;FCH230571K2;","
infrastructure;FCH213976C4;","
infrastructure;FCH230475P7;","
APPLICATION;FCH212675BL;","
APPLICATION;FCH230570ZL;","
APPLICATION;FCH21377JS2;","
APPLICATION;FCH213973ZK;","
APPLICATION;CZ34122RMH;","
Infrastructure;FCH213973ZK;","
infrastructure;FCH213976U1;","
infrastructure;FCH213973ZK;","
infrastructure;FCH23047B46;","
infrastructure;FCH213976C4;","
Infrastructure;6540C5P;","
APPLICATION;6540C5P;","
APPLICATION;6540C5P;","
APPLICATION;6540C5P;","
APPLICATION;6540C5P;","
APPLICATION;FCH230570V0;","
APPLICATION;FCH213976U1;","
APPLICATION;FCH213976U1;","
APPLICATION;FCH213976C4;","
APPLICATION;FCH213973ZK;","
APPLICATION;FCH213976C4;","
APPLICATION;FCH230570ZL;","
DATABASE;FCH213973ZK;","
DATABASE;FCH23047B46;","
DATABASE;FCH213973ZK;","
DATABASE;FCH23047B46;","
infrastructure;FCH230570ZL;","
APPLICATION;FCH230475P7;","
Infrastructure;CZ34122RMS;","
Infrastructure;CZ34122RMA;","
Infrastructure;CZ3328JVHT;","
Infrastructure;CZ3325HKC1;","
APPLICATION;FCH213976C4;","
Infrastructure;FCH21377JS2;","
APPLICATION;FCH213973ZK;","
Infrastructure;FCH213973ZK;","
Infrastructure;FCH213976B1;","
APPLICATION;FCH230475P7;","
Infrastructure;FCH23047B46;","
DATABASE;FCH230475P7;","
APPLICATION;FCH230475P7;","
APPLICATION;FCH23047B46;","
APPLICATION;06ZDFG5;","
Infrastructure;FCH213976A8;","
Infrastructure;FCH213976C4;","
APPLICATION;FCH213973ZK;","
APPLICATION;FCH213976A8;","
APPLICATION;FCH213976U1;","
APPLICATION;FCH213976U1;","
APPLICATION;FCH213976A8;","
APPLICATION;FCH213976A8;","
APPLICATION;FCH213973ZK;","
APPLICATION;FCH213976C4;","
DATABASE;FCH213976U1;","
APPLICATION;FCH213973ZK;","
Infrastructure;FCH213976B1;","
DATABASE;FCH212675BL;","
APPLICATION;FCH212675BL;","
Infrastructure;FCH23047B46;","
infrastructure;FCH230570ZL;","
infrastructure;FCH230570V0;","
DATABASE;FCH230570ZL;","
APPLICATION;FCH230475P7;","
APPLICATION;FCH230475P7;","
APPLICATION;FCH230475P7;","
APPLICATION;FCH230570V0;","
APPLICATION;FCH23047B46;","
APPLICATION;FCH230570V0;","
APPLICATION;FCH230475P7;","
APPLICATION;FCH23047B46;","
APPLICATION;FCH23047B46;","
APPLICATION;FCH230570ZL;","
APPLICATION;FCH230570ZL;","
DATABASE;FCH230570ZL;","
APPLICATION;FCH23047B46;","
Infrastructure;FCH23047BUK;","
Infrastructure;FCH230571K2;","
