Image HostName;Image Type;HW Serial number;","
gbes03;Fisica;DEH451561F;","
srv-lx-pr1;Fisica;CZC7210W85;","
bcver0;Fisica;0510AN00D7;","
bual;Virtual;689042;","
gbes01;Fisica;DEH451561E;","
s-afovirtp-dr01;Virtual;99E0417;","
s-blf-dc01;Virtual;689031;","
s-fxsrvftp-01;Fisica;689041;","
s-ortpinp-s01;Fisica;8945CJP30208;","
srv-lx-pr3;Fisica;CZJ72005400;","
sxignite;Fisica;DEH480248R;","
edist-drp;Fisica;0806NNN05R;","
dges01;Fisica;DEH451561H;","
s-csql07q-n01;Virtual;06T8068;","
s-sblwasq-s02;Virtual;06D3963;","
s-sblwasq-s03;Virtual;06D3963;","
s-rtems-s01;Fisica;KDZRRTD;","
s-saprp-01;Fisica;KDWYYZY;","
s-rtems-s02;Fisica;KDZRRRY;","
s-sblrtdp-s02;Fisica;99C7996;","
ssblsrvps01;Fisica;99C8011;","
ssblsrvps02;Fisica;99C7998;","
ssblsrvps03;Fisica;99C8006;","
ssblsrvps04;Fisica;99C8002;","
ssblsrvps05;Fisica;99C8013;","
ssblsrvs03;Virtual;689031;","
s-csql11q-n01;Virtual;06T8068;","
s-tsmdmz-s02;Fisica;99A4686;","
schbes;Virtual;689042;","
s-csql08p-n01;Fisica;99A4690;","
s-csql08p-n02;Fisica;99A4688;","
s-csql11p-n01;Fisica;99D6445;","
s-csql11p-n02;Fisica;99D6448;","
shkvrap1;Fisica;PX60919018;","
shkvraq1;Fisica;PX60919019;","
shp2pap1;Fisica;BEL0922A4X;","
shp2pap2;Fisica;BEL0922ABH;","
shrmdar1;Fisica;BEL0922A9J;","
shtibap1;Fisica;0911ALE859;","
shtibap2;Fisica;0911ALE858;","
s-csql01p-n11;Fisica;99A4739;","
s-fshark01q-s02;Virtual;689040;","
s-fshark01q-s03;Virtual;06D3963;","
shdacap1;Fisica;0926ALF2C6;","
shrmdap1;Fisica;0919BD028C;","
shrmdap2;Fisica;0926ALF2A3;","
shtibaq1;Fisica;0926ALF2A5;","
shediap1;Fisica;PX60915168;","
shtibar1;Fisica;BEL0922A88;","
sxtibap1;virtual;0911ALE859;","
sxtibap2;virtual;0911ALE858;","
sxtibaq1;virtual;0926ALF2A5;","
s-csql11p-dr01;Fisica;99A5486;","
sxtibar1;virtual;BEL0922A88;","
eprocpbt;Virtual;06D3994;","
s-emailapp-s01;Virtual;689031;","
s-gesaudp-w01;Virtual;689031;","
s-exchcmxp-dr01;Fisica;99E2201;","
s-exchcmxp-dr02;Fisica;99E0612;","
s-exchcmxp-s01;Fisica;99E2122;","
s-exchcmxp-s02;Fisica;99E2109;","
s-fssede-n11;Fisica;99A4784;","
s-fssede-n12;Fisica;99E2125;","
shjstap1;Fisica;0725TL11B6;","
shjstar1;Fisica;0724TL40JW;","
ptbc0001;Fisica;6582AFB;","
ptbc0002;Fisica;6582AEB;","
s-exchq-s01;Virtual;06D3963;","
s-beeaplp-s01;Fisica;KD55H2N;","
s-beewebp-s01;Fisica;KD55B4W;","
s-cobop-s01;Virtual;646575;","
s-coboq-s01;Virtual;689038;","
s-coplblp-s01;Virtual;689042;","
s-coplblp-s02;Virtual;06D3994;","
s-coplblq-s01;Virtual;06D3963;","
s-coplblq-s02;Virtual;06M4100;","
s-isdapp-s01;Virtual;06D3994;","
s-isddbp-s01;Virtual;689042;","
s-crmmailp-s01;Virtual;CZ25390H5F;","
s-crmmailp-s02;Virtual;CZ25390H5J;","
s-exctmgp-s01;Fisica;KD68C32;","
s-exctmgp-s02;Fisica;KD68C55;","
s-tsgwp-s11;Virtual;689041;","
s-tsgwp-s12;Virtual;06M4100;","
s-wfpl01p-dr01;Virtual;99E0417;","
s-verexp-dr01;Fisica;KD55H2B;","
s-verexp-s01;Fisica;KD55C2Z;","
s-tsmca50-s01;Fisica;99G5639;","
s-csql14p-n01;Fisica;99G4184;","
s-csql14p-n02;Fisica;99G4190;","
s-kofaxp-s11;Fisica;KD28VGH;","
s-ckofaxp-n01;Virtual;06X6492;","
s-ckofaxp-n02;Virtual;06M4100;","
s-fedzp-s01;Virtual;06T8148;","
s-fedzp-s02;Virtual;06V0102;","
s-fedzq-s01;Virtual;06M4091;","
s-fedzq-s02;Virtual;06V0102;","
shediaq1;Fisica;0806NNN059;","
s-csql14p-dr01;Fisica;689032;","
s-kofaxp-s12;Fisica;06XBZ97;","
s-tsgwp-s13;Virtual;689042;","
sftp;Virtual;CZ25390H5C;","
s-eikapp-s02;Virtual;06X6492;","
s-smdtsp-s01;Virtual;646576;","
s-smdtsp-dr01;Virtual;99E0417;","
csblsfsps02;Fisica;99C8001;","
csblsgwps01;Fisica;99C8022;","
s-prtsrvp-s01;Virtual;06D3961;","
s-blzadvap-s01;Virtual;689038;","
shvioap5;Fisica;06DD1DP;","
shvioap6;Fisica;06DD1DP;","
s-leaapq-s01;Virtual;689038;","
shdacap2;Fisica;KD55H2A;","
s-almcsp-s01;Virtual;06ZDFG4;","
s-almcsp-s02;Virtual;06ZDFG4;","
s-tivprobe-s02;Virtual;689040;","
s-tivprobe-s03;Virtual;06D3961;","
s-fsptop-s01;Virtual;99E0417;","
S-IBMMOD-S01;Virtual;06D3994;","
s-leaapd-s01;Virtual;06D3963;","
s-sgcap-s01;Virtual;689040;","
s-smintp-dr01;Virtual;99E0417;","
s-smintp-dr05;Virtual;99E0417;","
s-smintp-s01;Virtual;06D3963;","
s-smintp-s05;Virtual;06BK231;","
s-csqlesi01p-s1;Virtual;689034;","
s-eximbap-s01;Virtual;06ZDFG5;","
s-ibmmop-dr01;Virtual;99E0417;","
S-IBMMOP-S01;Virtual;06D3994;","
s-outapp-s01;Virtual;689041;","
s-csql05p-s01;Virtual;06ZDFG2;","
s-fireappp-s11;Virtual;689041;","
s-csql02p-s01;Virtual;06ZDFG0;","
lxitmap1;Virtual;06T8142;","
lxitmap2;Virtual;06T8142;","
lxitmap3;Virtual;06T8142;","
lxitmap4;Virtual;689027;","
lxtnmdd1;Virtual;06D3961;","
lxtnmdp1;Virtual;689040;","
s-csql04p-s01;Virtual;646575;","
s-ctrlm8p-dr01;Virtual;99E0417;","
s-ctrlm8p-s01;Virtual;06X6492;","
s-ctrlm8q-s01;Virtual;06D3994;","
sblh04;Fisica;CZ3328JM6T;","
sxdwhd1;Virtual;CZ32430J3N;","
sxdwhp1;Virtual;CZ32430J3N;","
sxdwhq1;Virtual;CZ32430J3N;","
sxrfudd1;Virtual;CZ32430J3N;","
sxrfudp1;Virtual;CZ32430J3N;","
sxrfudq1;Virtual;CZ32430J3N;","
shcsdap1;Virtual;;","
shcsdaq1;Virtual;;","
shnimap1;Virtual;;","
shrepar1;Virtual;;","
shtpcap1;Virtual;;","
shtsmap2;Virtual;;","
s-csql05p-n01;Virtual;06ZDPZ6;","
s-sasmetap-s02;Virtual;646575;","
s-fireappq-s11;Virtual;06D3963;","
s-sblblp-s02;Fisica;99C8210;","
s-frpt01p-s11;Virtual;06ZDFG4;","
esitmr;Virtual;;","
shexbap1;Virtual;;","
shnimap2;Virtual;;","
tivgws001;Virtual;;","
s-blf-dc02;Virtual;06X6492;","
s-sblrtdq-s01;Virtual;CZJ450098Z;","
s-sblrtdq-s02;Virtual;CZJ450098Z;","
ssblsgwqs01;Virtual;CZJ4500995;","
ssblsrvqs01;Virtual;CZJ4500995;","
ssblsrvqs02;Virtual;CZJ4500995;","
ssblsrvs04;Virtual;CZJ4500995;","
swsqltp16;Virtual;CZJ450099C;","
swsqltp36;Virtual;CZJ4500990;","
swsqltp02;Virtual;06X6492;","
swinfdp03;Virtual;CZJ4500996;","
slcsdbd04;Virtual;CZJ2390PR5;","
slcsdbq12;Virtual;CZJ2511H1J;","
slfssip01;Virtual;CZ34122RM2;","
swmfsip01af;Virtual;FCH213976C4;","
swmfsir01af;Virtual;CZJ2511H1R;","
slcsdbp01;Virtual;CZJ450099D;","
slcsdbp03;Virtual;CZ34122RLM;","
slcstdp01;Virtual;CZJ4500997;","
slsppbq01;Virtual;CZJ450098Z;","
slvctnetbp01;Virtual;CZ34122RLP;","
s-cai01p-n01;Virtual;06ZDFG3;","
sltstbd01;Virtual;CZ34122RM6;","
swsqltp10;Virtual;CZ23510BG3;","
swsqltp05bs;Virtual;CZ3328JVJB;","
swsqltr05bs;Virtual;CZJ2511H15;","
slcsdbd01;Virtual;CZJ2511H1Q;","
swmfsip51rc;Virtual;CZJ2511H12;","
swmfsip02af;Virtual;CZ3325HKC5;","
swmfsir02af;Virtual;CZJ2511H1P;","
slcrmbp02;Virtual;CZ25390H5D;","
slcsddp04;Virtual;CZ3328JVJF;","
slatlbh01;Virtual;CZ3325HKC5;","
swmfsip25;Virtual;CZ34122RLV;","
swfbkap20;Virtual;FCH21377JS2;","
swfbkap22;Virtual;FCH213973ZK;","
slqstap01;Virtual;FCH21377JS2;","
s-cvstemp-s01;Virtual;FCH21377JS2;","
s-esirpsp-s01;Virtual;FCH213973ZK;","
s009b0130;Virtual;FCH21377JS2;","
slaskap01;Virtual;FCH21377JS2;","
slclyap01;Virtual;FCH21377JS2;","
slclyap02;Virtual;FCH21377JS2;","
slcsdap01;Virtual;FCH21377JS2;","
slcsdap02;Virtual;FCH21377JS2;","
slctrfp06;Virtual;FCH213973ZK;","
slldpip01;Virtual;FCH21377JS2;","
slmisjp01;Virtual;FCH21377JS2;","
slnagfp04;Virtual;FCH21377JS2;","
slonrip01;Virtual;FCH21377JS2;","
slonrip03;Virtual;FCH21377JS2;","
slrdjap01;Virtual;FCH21377JS2;","
slrueap01;Virtual;FCH21377JS2;","
swctrfp11;Virtual;FCH213973ZK;","
swfbkap24;Virtual;FCH21377JS2;","
swfbkap30;Virtual;FCH213973ZK;","
swgimap20;Virtual;FCH21377JS2;","
swiiswp01;Virtual;FCH21377JS2;","
swiiswp02;Virtual;FCH213973ZK;","
swnptap20;Virtual;FCH21377JS2;","
swnptwp26;Virtual;FCH21377JS2;","
swstbap01b21;Virtual;FCH21377JS2;","
swstbap03b21;Virtual;FCH21377JS2;","
swstbap05b21;Virtual;FCH21377JS2;","
sltwkad4;Virtual;CZ23510BG3;","
sltwkad3;Virtual;CZ3328JVHY;","
slcsdtp02;Virtual;CZJ2511H0V;","
slcsdtq02;Virtual;CZJ35106CC;","
sltibgq01;Virtual;CZJ2511H1K;","
sldmgrq01;Virtual;CZ34122RM6;","
sltw4aq01;Virtual;CZ34122RM8;","
sltw4aq02;Virtual;CZ3325HKC1;","
sltw4aq03;Virtual;CZ34122RME;","
sltw4aq04;Virtual;CZ3328JVHT;","
sldmgrp01;Virtual;CZ34122RLP;","
tw3ap2q;Virtual;CZ3328JVJF;","
tw3ap1q;Virtual;CZ3325HKC5;","
lxodmaq01;Virtual;CZ34122RME;","
sltw4ap01;Virtual;CZ3328JVJF;","
sltw4ap02;Virtual;CZ3325HKC1;","
sltw4ap04;Virtual;CZ3325HKC1;","
sltw4ap05;Virtual;CZ34122RMP;","
sltw4ap06;Virtual;CZ3325HKBW;","
sltw4ap03;Virtual;CZ3328JVJF;","
sltw4ap99;Virtual;CZ3328JVJF;","
tw3ap4p;Virtual;CZ3328JVJ3;","
slqstaq01;Virtual;CZ34122RM6;","
sltibwq03;Virtual;CZ3325HKC5;","
sltibwq04;Virtual;CZJ35106CC;","
slqstad01;Virtual;CZJ2511H1F;","
sltibwq01;Virtual;CZ3325HKC5;","
sltibwq02;Virtual;CZJ2511H1G;","
slcsdtp01;Virtual;CZ3328JVJ3;","
slcsdtq01;Virtual;CZ34122RMK;","
slbpmap01;Virtual;CZ3328JVJ7;","
slbpmap02;Virtual;CZ3328JVJ3;","
sltibwp01;Virtual;CZ3328JVJ3;","
sltibwp02;Virtual;CZ3325HKC1;","
sltibwp03;Virtual;CZ3325HKC5;","
sltibwp04;Virtual;CZ3328JVHT;","
sltw4ad99;Virtual;CZJ2511H12;","
sltibgp01;Virtual;CZ3325HKC5;","
sltibxq02;Virtual;CZJ2511H1G;","
tw3ap3p;Virtual;FCH213976U1;","
tw3ap2p;Virtual;FCH213973ZK;","
slfssiq01;Virtual;CZ34122RMS;","
slfssiq02;Virtual;CZJ2511H1K;","
sltibad02;Virtual;CZJ2390PR9;","
sltibad01;Virtual;CZJ2390PR5;","
tw3ap1p;Virtual;FCH21377JS2;","
slsfxbp20;Virtual;CZJ4500997;","
sltibxq01;Virtual;CZ23510BG3;","
sltibxp02;Virtual;CZ3328JVJ7;","
swsqltp37;Virtual;CZJ2390PR5;","
sltibbp10;Virtual;CZ3325HKC5;","
sltibbp11;Virtual;CZ3328JVJ3;","
sltibbp12;Virtual;CZ3325HKBW;","
sltibxp01;Virtual;CZ3325HKC5;","
swinfdp10;Virtual;CZJ4500990;","
swsqltp04bs;Virtual;CZ3325HKC5;","
swsqltp25;Virtual;CZJ2511H1B;","
swsqltr04bs;Virtual;CZJ2511H1J;","
swsqltp24;Virtual;CZ3328JVJ7;","
swsqltp26;Virtual;CZ3328JVJF;","
swsbdbp22;Virtual;FCH21367NN2;","
sltibbp08;Virtual;CZ3328JVJF;","
7200_01-vsp;Virtual;CZ34122RM4;","
7200_02_vsp;Virtual;CZJ2511H1Q;","
8450_01-vsp;Virtual;CZ34122RM2;","
ac1ap1p;Virtual;CZ25390H5F;","
ac1ap1q;Virtual;CZ25390H5G;","
ac1ap2p;Virtual;CZ25390H5D;","
ac1ap2q;Virtual;CZ25390H5G;","
alcomap01;Virtual;CZ34122RM2;","
alcomap11;Virtual;CZ34122RLP;","
alcomap12;Virtual;CZJ2511H1F;","
alcomap13;Virtual;CZ34122RMM;","
alcomap14;Virtual;CZJ2511H1Q;","
alcomap15;Virtual;CZJ4500992;","
alcomap16;Virtual;CZJ2390PR9;","
alcteap03;Virtual;CZ34122RMM;","
alcteap04;Virtual;CZJ2511H14;","
alctebp03;Virtual;CZJ4500993;","
alctebp04;Virtual;CZJ2511H1K;","
alcteip03;Virtual;CZJ4500994;","
alcteip04;Virtual;CZJ2390PR2;","
alctewp03;Virtual;CZJ4500993;","
alctewp04;Virtual;CZJ2511H1J;","
alepoip21;Virtual;CZ34122RMV;","
alisbc01;Virtual;CZ34122RMK;","
alisbc02;Virtual;CZ34122RMA;","
alisbc03;Virtual;CZ34122RMH;","
alnstsp01;Virtual;CZJ450098W;","
alnutip01;Virtual;CZ34122RMC;","
alnutip03;Virtual;CZJ450099G;","
ALNVSCP01;Virtual;CZ34122RMC;","
alnvscp02;Virtual;CZJ2511H1R;","
ALNVSCP03;Virtual;CZ25390H5K;","
alnvscp04;Virtual;CZJ4500995;","
alnvsdp01;Virtual;CZ34122RLH;","
alnvsdp02;Virtual;CZJ2511H1R;","
alnvsdp03;Virtual;CZJ4500994;","
alotrap01;Virtual;CZ25390H5M;","
alpamip01;Virtual;CZ34122RMV;","
alpamip02;Virtual;CZJ2511H1G;","
ALVACIP01;Virtual;CZ34122RMP;","
apbckip01;Fisica;SYM0700423;","
apbckip03;Fisica;SYM0500373;","
apbckip08;Fisica;SYM0700422;","
apbckip11;Fisica;SYM1101951;","
apexa2ipdbadm01;Fisica;;","
apexa2ipdbadm02;Fisica;;","
apexaipdbadm01;Fisica;;","
apexaipdbadm02;Fisica;;","
apintorcip01s1;Virtual;FCH21377H1A;","
apintvctip01s1;Virtual;FCH21377H1A;","
apintvrip01s1;Virtual;FCH21377H1A;","
apintvrip02s1;Virtual;FCH21377H1A;","
apintvrip02s3;Virtual;CZ3451KPN3;","
aplisip01;Virtual;FCH21377H1A;","
apnetomuip01s1;Virtual;FCH21377H1A;","
apnetvrip01s1;Virtual;CZ25390H5J;","
apnetvrip01s3;Virtual;CZJ4500995;","
apuniip02;Virtual;CZJ2511H1R;","
apvcadp01;Virtual;CZ25390H5J;","
apvcdmap01;Virtual;CZ34122RLV;","
apvcpdp01;Virtual;CZJ4500993;","
apvcrmp01;Virtual;CZ34122RM4;","
apvctip03;Virtual;H849NP1350;","
apvctnetp01s1;Virtual;FCH21377H1A;","
apvctnetp01s3;Virtual;H849NP1350;","
apvideoaq01;Virtual;CZJ2511H12;","
apvideoaq02;Virtual;CZJ2390PR9;","
apvmrsip03;Virtual;H849NP1350;","
apvsaip01;Virtual;FCH21377H1A;","
ares;Virtual;646575;","
builddev;Virtual;CZ34122RMS;","
chplp01;Virtual;;","
cvpsafe01;Virtual;CZJ35106CC;","
cvvas01;Virtual;CZJ2511H1L;","
cvxmlgwp1;Virtual;CZJ35106CB;","
CXNGVSD01;Virtual;CZ34122RMC;","
cxpsafe01;Virtual;CZ34122RM4;","
cxvas01;Virtual;CZJ4500994;","
D-0002000;Virtual;06BK231;","
d-0814014;Virtual;CZ34122RMK;","
d-8000011;Virtual;CZ34122RLV;","
d12159;Virtual;CZ34122RMC;","
esiitm;Virtual;;","
heintbl01s1;Fisica;CZ34122RME;","
heintbl01s3;Fisica;CZJ2511H1R;","
heintbl02s1;Fisica;CZ34122RM6;","
heintbl02s3;Fisica;CZJ2511H14;","
heintbl03s1;Fisica;CZ34122RMS;","
heintbl03s3;Fisica;CZJ2511H1J;","
heintbl04s1;Fisica;CZ34122RM8;","
heintbl04s3;Fisica;CZJ2511H1N;","
heintbl05s1;Fisica;CZ34122RMA;","
heintbl05s3;Fisica;CZJ2511H12;","
heintbl06s1;Fisica;CZ34122RMX;","
heintbl06s3;Fisica;CZJ2511H1L;","
heintbl07s1;Fisica;CZ34122RMH;","
heintbl07s3;Fisica;CZJ2511H1K ;","
heintbl08s1;Fisica;CZ34122RMK;","
heintbl08s3;Fisica;CZJ35106CC;","
heintbl09s1;Fisica;CZ34122RM0;","
heintbl09s3;Fisica;CZJ2390PR5;","
heintbl10s1;Fisica;CZ34122RLX;","
heintbl10s3;Fisica;CZJ35106CB ;","
heintbl11s1;Fisica;CZ34122RMM;","
heintbl11s3;Fisica;CZJ35106CF;","
heintbl12s1;Fisica;CZ34122RLS;","
heintbl12s3;Fisica;CEINTIP01S3;","
heintbl13s1;Fisica;CZ34122RLK;","
heintbl13s3;Fisica;CZJ2511H1F;","
heintbl14s1;Fisica;CZ34122RM2;","
heintbl14s3;Fisica;CZJ2511H1G ;","
heintbl15s1;Fisica;CZ34122RLP;","
heintbl15s3;Fisica;CZJ2511H15;","
heintbl16s1;Fisica;CZ34122RM4;","
heintbl16s3;Fisica;CZJ2511H0V;","
heintbl17s1;Fisica;CZ34122RLH;","
heintbl17s3;Fisica;CZJ2511H1B;","
heintbl18s1;Fisica;CZ34122RMC;","
heintbl18s3;Fisica;CZJ2390PRB;","
heintbl19s1;Fisica;CZ34122RLV;","
heintbl19s3;Fisica;CZJ2511H10;","
heintbl20s1;Fisica;CZ34122RLM;","
heintbl20s3;Fisica;CZJ2511H1Q;","
heintbl21s1;Fisica;CZ34122RMP;","
heintbl21s3;Fisica;CZJ2511H1P;","
heintbl22s1;Fisica;CZ34122RMV;","
heintbl22s3;Fisica;CZJ2390PR2;","
heintbl23s1;Fisica;CZJ4500997;","
heintbl24s1;Fisica;CZJ450098Y;","
heintbl25s1;Fisica;CZJ450099C;","
heintbl26s1;Fisica;CZJ4500990;","
heintbl27s1;Fisica;CZJ450099D;","
heintbl28s1;Fisica;CZJ450098W;","
heintbl29s1;Fisica;CZJ4500994;","
heintbl30s1;Fisica;CZJ4500992;","
heintbl31s1;Fisica;CZJ4500993;","
heintbl32s1;Fisica;CZJ4500999;","
heintbl33s1;Fisica;CZJ4500996;","
heintbl65s1;Fisica;CZ32025YP3;","
heintbl66s1;Fisica;CZ32025YNF;","
heintbl71s1;Fisica;CZ36505L2X;","
heintbl72s1;Fisica;CZ36505L48;","
heintbl73s1;Fisica;CZ36505L3X;","
heintbl74s1;Fisica;CZ36505L4K;","
heintbl75s1;Fisica;CZ36505L3K;","
heintbl76s1;Fisica;CZ36505L38;","
heintrm01s1;Fisica;CZ3328JVJ7;","
heintrm01s3;Fisica;CZ3325HKC1;","
heintrm02s1;Fisica;CZ3328JVHY;","
heintrm02s3;Fisica;CZ3328JVHT;","
heintrm03s1;Fisica;CZ3328JVJF;","
heintrm03s3;Fisica;CZ3325HKBW;","
heintrm04s1;Fisica;CZ3328JVJB;","
heintrm05s1;Fisica;CZ3325HKC5;","
hemgtrm01s3;Fisica;ZC3451KPMS;","
hemgtrm02s3;Fisica;H849NP1350;","
hemgtrm03s3;Fisica;CZ3451KPN3;","
humantorch;Virtual;CZ25390H5G;","
ibmslarep;Virtual;06ZDFG4;","
invisiblegirl;Virtual;CZ25390H5K;","
itmprd;Virtual;;","
itmtpprd;Virtual;;","
itmtptest;Virtual;;","
LXBFRAP1;Virtual;06D3963;","
LXBFRAP2;Virtual;689027;","
lxfurap1;Fisica;J32ZRHV;","
lxfuraq1;Fisica;S40E4BL;","
lxfurar1;Fisica;J32ZRHW;","
lxisddp1;Virtual;06T8142;","
lxisddq1;Virtual;06T8068;","
LXITMAP5;Virtual;689027;","
LXITMAP6;Virtual;689027;","
lxodmap01;Virtual;CZ34122RLV;","
manage-cp-cv;Virtual;CZJ2511H1J;","
micromobile-s01;Virtual;CZ25390H5G;","
monet;Virtual;06X6492;","
nbshmc01;Fisica;;","
nbsnim01;Virtual;;","
nbstsm01;Virtual;;","
nbstsm02;Virtual;;","
nbstsm03;Virtual;;","
nbstsm04;Virtual;;","
nbsvio01;Virtual;;","
nbsvio02;Virtual;;","
NIGHT01;Virtual;06X6492;","
NIGHT02;Virtual;646575;","
NIGHT03;Virtual;646575;","
picasso;Virtual;;","
ptbc0003;Fisica;;","
ptbc0004;Fisica;;","
ptbw0015;Virtual;06T8139;","
ptbx0001;Virtual;;","
ptbx0010;Virtual;;","
ptbx0025;Virtual;;","
pwappct01;Virtual;CZJ2511H1B;","
qua_tro;Virtual;CZJ35106CC;","
renoir;Virtual;;","
s-afop-s01;Virtual;06BK231;","
s-afovirtq-s01;Virtual;06M4091;","
s-almcsd-s01;Virtual;CZJ2511H1G;","
s-almcsd-s02;Virtual;CZJ2511H1F;","
s-almcsq-s01;Virtual;06M4091;","
s-almdmp-s01;Virtual;646575;","
s-amldbd-s01;Virtual;CZJ2511H1B;","
s-amldbp-s02;Virtual;06ZDFG0;","
s-amldbq-s02;Virtual;689038;","
s-amlwebd-s01;Virtual;CZJ35106CB;","
s-apldp-01;Virtual;06D3961;","
s-arqtp-w02;Virtual;06M4100;","
s-arqtq-w01;Virtual;689031;","
s-blazed-s01;Virtual;CZJ2511H1F;","
s-blfisap-s01;Virtual;06X6492;","
s-blfprt-s01;Virtual;646575;","
s-blfxmlt-s01;Virtual;CZJ2511H0V;","
S-BLUEWDP-S01;Virtual;689027;","
s-bluewisp-s01;Virtual;06ZDFG4;","
s-buysitep-s01;Virtual;06D3994;","
s-buysitep-s02;Virtual;06D3963;","
s-buysiteq-s01;Virtual;06M4091;","
s-cai01d-s01;Virtual;CZJ2511H1R;","
s-cai01q-n01;Virtual;06T8068;","
s-cai02p-n01;Virtual;06ZDFG5;","
s-cai02q-n01;Virtual;06ZDPZ6;","
s-calypsod-s01;Virtual;CZJ2511H10;","
s-capp01q-n01;Virtual;689034;","
s-capp11p-n01;Virtual;06ZDFG3;","
s-capp11q-n01;Virtual;06T8068;","
s-capp12p-n01;Virtual;06ZDFG5;","
s-capp12q-n01;Virtual;06T8068;","
s-cbldsv-s01;Virtual;CZ3325HKBW;","
s-cbldsv-s02;Virtual;CZJ2511H1Q;","
s-cdepbl01d-s01;Virtual;06T8142;","
s-cdeppl01d-s01;Virtual;CZJ2511H1G;","
s-cergp-s12;Virtual;CZ25390H5D;","
s-chbesp-s01;Virtual;06ZDFG4;","
s-chbesq-s01;Virtual;06V0102;","
s-citrixp-dr01;Virtual;99E0417;","
s-citrixp-s01;Virtual;06X6492;","
s-citrixp-s02;Virtual;06M4100;","
s-citrixp-s03;Virtual;689041;","
s-citrixp-s04;Virtual;689041;","
s-citrixp-s05;Virtual;06D3961;","
s-citrixp-s06;Virtual;06D3963;","
s-citrixp-s07;Virtual;06ZDFG4;","
s-citrixp-s08;Virtual;689038;","
s-citrixq-s01;Virtual;06T8139;","
s-citrixq-s03;Virtual;06T8142;","
s-citscdbp-01;Virtual;06D3961;","
s-clarityd-s01;Virtual;06M4091;","
s-clawas01p-s01;Virtual;646575;","
s-clawas01p-s02;Virtual;689034;","
s-clawas01q-s01;Virtual;06ZDFG4;","
s-clawas01q-s02;Virtual;689042;","
s-cmacdsp-s01;Virtual;CZ34122RM2;","
s-cobod-s01;Virtual;CZJ35106CB;","
s-coplbld-s01;Virtual;CZJ35106CB;","
s-cprodq-s01;Virtual;06T8142;","
s-crdappd-s01;Virtual;CZJ2511H15;","
s-crdappp-s01;Virtual;06D3994;","
s-crdsasd-s01;Virtual;CZJ2511H1Q;","
s-crdsasp-s01;Virtual;06D3963;","
s-crdwebd-s01;Virtual;CZJ2390PR9;","
s-crdwebp-s01;Virtual;689040;","
s-crmobip-s01;Virtual;06M4100;","
s-crmtstc-s01;Virtual;06D3994;","
s-crmwebp-s01;Virtual;06D3963;","
s-crmwebp-s02;Virtual;06M4100;","
s-crmwebq-s01;Virtual;06T8142;","
s-crmwebq-s02;Virtual;06T8139;","
s-csei01p-n02;Virtual;06X6492;","
s-csei01q-s01;Virtual;06T8139;","
s-csql01q-n02;Virtual;06T8068;","
s-csql02q-n01;Virtual;06ZDFG3;","
s-csql04q-n01;Virtual;06T8068;","
s-csql05q-n01;Virtual;06T8068;","
s-csql06q-n01;Virtual;06T8068;","
s-cstd-s01;Virtual;CZJ2511H1B;","
s-cstored-s01;Virtual;06T8139;","
s-cvmftd-s01;Virtual;CZJ2511H1Q;","
s-cvmftp-s01;Virtual;06D3961;","
s-cvprtp-s01;Virtual;689042;","
s-cweb01p-w01;Virtual;06ZDFG4;","
s-cwmq01q-n01;Virtual;06M4100;","
s-cwmq11p-dr01;Virtual;99E0417;","
s-cwmq11p-n01;Virtual;06ZDFG3;","
s-cyberarq-s01;Virtual;06D3963;","
s-deosqlp-s01;Virtual;689040;","
s-ecop-s02;Virtual;CZ34122RLK;","
s-eiamqd-s01;Virtual;CZJ2390PR5;","
s-eiamqd-s02;Virtual;CZJ2511H1P;","
s-emailapq-s01;Virtual;06M4091;","
s-esi01n001-01;Virtual;CZ23510BG3;","
s-esi01n007-01;Virtual;CZ23510BG3;","
s-esi01n008-01;Virtual;CZ34122RMK;","
s-esigpmd-s01;Virtual;CZJ2511H1N;","
s-esiiisd-s01;Virtual;CZJ2511H15;","
s-esisqld-s01;Virtual;CZJ2511H0V;","
s-esisqlp-s01;Virtual;CZ3328JVJB;","
s-etldmd-s01;Virtual;CZJ35106CB;","
s-etldmd-s02;Virtual;CZJ2390PR2;","
s-etldmq-s01;Virtual;06M4091;","
s-exccmstp-s01;Virtual;06M4100;","
s-eximbaq-s01;Virtual;06T8139;","
s-fbwebd-s01;Virtual;CZJ2511H1L;","
s-fctxblfp-s01;Virtual;689042;","
s-fctxblfp-s02;Virtual;06ZDFG4;","
s-fctxblfp-s03;Virtual;06D3994;","
s-fctxblfp-s04;Virtual;689031;","
s-feedzai-s01;Virtual;CZ3328JVJ3;","
s-feptd-w1;Virtual;CZJ35106CC;","
s-feptp-s01;Virtual;689038;","
s-feptp-s02;Virtual;06M4100;","
s-filebrkd-s01;Virtual;CZJ2390PR9;","
s-fircoappd-s01;Virtual;CZJ2390PR9;","
s-frpt01p-s02;Virtual;06D3963;","
s-frpt01q-s01;Virtual;CZ34122RMH;","
s-frpt01q-s11;Virtual;689042;","
s-frpt02d-s01;Virtual;06T8139;","
s-frpt02p-s01;Virtual;06ZDFG4;","
s-frpt02q-s01;Virtual;689042;","
s-fs-dr01;Virtual;99E0417;","
s-fshark01p-s01;Virtual;06ZDPZ6;","
s-fshark01p-s02;Virtual;06ZDPZ6;","
s-fshark01p-s03;Virtual;06ZDFG5;","
s-fshark01p-s04;Virtual;06ZDPZ6;","
s-fsipt-v01;Virtual;CZ34122RM0;","
s-fssblf-s11;Virtual;646575;","
s-fssm-01-old;Fisica;;","
s-fwas01p-s01;Virtual;689042;","
s-fwas01p-s03;Virtual;06D3963;","
s-fwas01p-s04;Virtual;06D3961;","
s-fwas01q-s01;Virtual;06V0102;","
s-fwas01q-s02;Virtual;06T8068;","
s-gesaudq-s01;Virtual;06T8142;","
S-GESTMBXP-S01;Virtual;06D3963;","
s-gestsql-s01;Virtual;06ZDFG2;","
s-gpmaplq-s01;Virtual;06T8139;","
s-hostprdvw-dr01;Fisica;99E0417;","
s-ihcdpsp-w14;Virtual;CZJ2511H1Q;","
s-ihcsbrcp-w11;Virtual;CZ3328JVHY;","
s-ihcsbrcp-w12;Virtual;CZJ2511H1F;","
s-ihcsbrcp-w13;Virtual;CZ3328JVJ7;","
s-ihcsbrcq-w01;Virtual;CZ34122RM0;","
s-ihcsbrcq-w02;Virtual;CZJ2511H15;","
s-infgest01q-s01;Virtual;06M4091;","
s-infgestp-s01;Virtual;CZJ4500999;","
s-infgestp-s02;Virtual;CZJ450098Y;","
s-kofaxq-s11;Virtual;06T8142;","
s-leaapp-s01;Virtual;06D3961;","
s-marte-dc03;Virtual;CZ34122RLX;","
s-mgtprintp-v01;Virtual;CZ34122RM0;","
s-mksaisd-s01;Virtual;CZJ2511H1P;","
s-mksaisp-s01;Virtual;689040;","
s-mksaisp-s02;Virtual;06ZDFG4;","
s-mksaisq-s01;Virtual;06D3963;","
s-mksaisq-s02;Virtual;689031;","
s-mkswasd-s01;Virtual;06T8142;","
s-monitipt-v01;Virtual;CZ34122RME;","
s-mqf01p-s01;Virtual;689038;","
s-mqf01q-s01;Virtual;06T8142;","
s-msaspd-s01;Virtual;CZJ2511H1G;","
s-msnetd-s01;Virtual;CZJ2511H1B;","
s-naipol-02;Virtual;689038;","
s-nptplbld-s02;Virtual;CZJ35106CB;","
s-nptsharkp-n01;Virtual;06ZDFG5;","
s-nptsharkq-s01;Virtual;06T8142;","
s-oblddiv-03;Virtual;CZJ2511H1N;","
s-obldsql-01;Virtual;CZJ2390PR9;","
s-obldweb-01;Virtual;CZJ2511H12;","
s-odcpapl-01;Virtual;CZ25390H5M;","
s-odcpapl-02;Virtual;CZ25390H5G;","
s-odcpsql-01;Virtual;CZ25390H5G;","
s-odcpsql-03;Virtual;CZ25390H5G;","
s-odcpweb-01;Virtual;CZ25390H5M;","
s-odcpweb-02;Virtual;CZ25390H5K;","
s-odcqapl-01;Virtual;CZ25390H5K;","
s-odcqsql-01;Virtual;CZ25390H5M;","
s-odcqweb-01;Virtual;FCH21367NN2;","
s-outapq-s01;Virtual;06V0102;","
s-pgld-s01;Virtual;CZJ2511H1N;","
s-prhd-s01;Virtual;CZJ2511H1L;","
s-privated-s01;Virtual;CZJ2511H1P;","
s-privatep-n02;Virtual;06ZDFG3;","
s-privateq-n02;Virtual;06T8068;","
s-psesaf-v01;Virtual;CZJ450098W;","
s-psswifp-s01;Virtual;689031;","
s-pstag2-s01;Virtual;CZ34122RLK;","
s-qprd-s02;Virtual;CZ3328JVJ3;","
s-rcrb2d-s01;Virtual;CZJ2511H1R;","
S-SAPSMP-01;Virtual;06D3994;","
s-sasagirod-s01;Virtual;689034;","
s-sasagiroq-s01;Virtual;06T8068;","
s-sasmetap-s01;Virtual;689031;","
s-sassrvp-s01;Virtual;06V0102;","
s-saswebp-s04;Virtual;06X6492;","
s-saswsq-s01;Virtual;06T8139;","
s-sblblp-s01;Virtual;CZ3328JVJF;","
s-sbletlp-s01;Virtual;CZ3325HKC5;","
s-sbletlp-s02;Virtual;CZ3328JVJF;","
s-sblrtdd-s01;Virtual;06M4100;","
s-sblrtdp-s01;Virtual;CZ25390H5D;","
s-sblsrvd-s01;Virtual;CZJ2511H1G;","
s-sblwasp-s03;Virtual;06M4100;","
s-sblwasp-s04;Virtual;689038;","
s-scntrsd-s01;Virtual;CZJ2511H1J;","
s-seid-s01;Virtual;CZJ2511H1K;","
s-seidsv-01;Virtual;CZJ2511H10;","
s-sgcaq-s01;Virtual;06T8139;","
s-sgedpld-s01;Virtual;CZJ2390PR9;","
s-sgedwasd-s01;Virtual;06T8139;","
s-sgridbp-s02;Virtual;06D3994;","
S-SGRIMSTP-S01;Virtual;06ZDFG4;","
s-siifwebd-s01;Virtual;CZJ2511H1L;","
s-sited-s01;Virtual;CZ3328JVHT;","
s-sitessld-s01;Virtual;CZJ2511H1Q;","
s-sitetead-s01;Virtual;CZJ2511H1L;","
s-siwebd-s01;Virtual;CZJ2511H1L;","
s-sqlsede-n01;Virtual;CZJ450099D;","
s-sungb2d-s02;Virtual;CZJ35106CF;","
s-sungb2p-s02;Virtual;06D3963;","
s-sungb2q-s02;Virtual;06ZDFG4;","
s-sungb2q-s03;Virtual;06ZDFG4;","
s-sungdmp-s02;Virtual;06M4100;","
s-sungetlq-s01;Virtual;06T8142;","
s-tcmngp-v01;Virtual;CZ34122RMA;","
s-tdpimcd-s01;Virtual;CZJ2511H15;","
s-tivgw-005;Virtual;689031;","
s-tivgw-006;Virtual;689040;","
s-tivgw-007;Virtual;06M4100;","
s-tivgw-008;Virtual;689040;","
s-tivgw-009;Virtual;06M4100;","
s-tivgw-010;Virtual;689042;","
s-tivgw-011;Virtual;06X6492;","
s-tivgw-012;Virtual;06D3963;","
s-tivgw-013;Virtual;689038;","
s-tivgw-014;Virtual;689040;","
s-tivgwp-s01;Virtual;06X6492;","
s-tivprobe-s01;Virtual;06D3961;","
s-tsmesid-s01;Virtual;06M4091;","
s-twwebp-s11;Virtual;CZ34122RLV;","
s-twwebp-s12;Virtual;CZ34122RM4;","
s-twwebp-s13;Virtual;CZJ2511H1F;","
s-twwebp-s14;Virtual;CZJ2511H1J;","
s-twwebq-s11;Virtual;CZ34122RMH;","
s-twwebq-s12;Virtual;CZ34122RME;","
s-twwebq-s13;Virtual;CZJ2511H1R;","
s-twwebq-s14;Virtual;CZJ2511H1N;","
s-valorcltp-s01;Virtual;06D3963;","
s-valorcltq-s01;Virtual;06M4091;","
s-wasrfud-s01;Virtual;06T8068;","
s-wf01p-s01;Virtual;06M4100;","
s-wf01p-s02;Virtual;06D3961;","
s-wf01q-s02;Virtual;689042;","
s-wf02p-s01;Virtual;06ZDFG4;","
s-wf02p-s02;Virtual;689038;","
s-wf02q-s01;Virtual;689031;","
s-wf02q-s02;Virtual;689040;","
s-wf03p-s01;Virtual;06X6492;","
s-wf03p-s02;Virtual;689040;","
s-wf03q-s01;Virtual;689042;","
s-wf03q-s02;Virtual;06D3963;","
s-wfbl01p-s01;Virtual;689041;","
s-wfbl01p-s02;Virtual;689031;","
s-wfbl01q-s01;Virtual;06ZDFG4;","
s-wfbl01q-s02;Virtual;689034;","
s-wfpl01p-s01;Virtual;689041;","
s-wfpl01p-s02;Virtual;06X6492;","
s-wfpl01q-s01;Virtual;689042;","
s-wfpl01q-s02;Virtual;06ZDFG4;","
s-widhp-01;Virtual;06D3994;","
s-wsf01q-s02;Virtual;06V0102;","
s000b0130;Virtual;CZ34122RLK;","
s008b0127;Virtual;CZ34122RM4;","
sgdaapplp10;Virtual;;","
shaemad1;Virtual;;","
shaemaq1;Virtual;;","
shalcad1;Virtual;;","
shalcap1;Virtual;;","
shalcap2;Virtual;;","
shalcaq1;Virtual;;","
shblcap1;Virtual;;","
shcsdad1;Virtual;;","
shcsddp1;Virtual;;","
shcsddq1;Virtual;;","
shexbaq1;Virtual;;","
shgdwap1;Virtual;;","
shgdwap2;Virtual;;","
shgdwaq1;Virtual;;","
shgdwaq2;Virtual;;","
shicmad1;Virtual;;","
shicmap1;Virtual;;","
shicmap2;Virtual;;","
shicmaq1;Virtual;;","
shidsad1;Virtual;;","
shidsap1;Virtual;;","
shidsap2;Virtual;;","
shidsaq1;Virtual;;","
shidsaq2;Virtual;;","
shidsdp1;Virtual;;","
shidsdq1;Virtual;;","
shitmat1;Virtual;;","
shncsat1;Virtual;;","
shnisap1;Virtual;;","
shnosap1;Virtual;;","
shondad1;Virtual;;","
shondap2;Virtual;;","
shondap3;Virtual;;","
shondaq1;Virtual;;","
shrepap1;Virtual;;","
shrepaq1;Virtual;;","
shsapad1;Virtual;;","
shtipap1;Virtual;;","
shvioap3;Virtual;;","
shvioap4;Virtual;;","
shvioap7;Virtual;;","
shvioap8;Virtual;;","
sladmap01;Virtual;CZ34122RMC;","
sladmaq01;Virtual;CZ34122RMS;","
sladmtp01;Virtual;CZ3328JVJB;","
sladmtp02;Virtual;CZJ2511H1R;","
sladmtq01;Virtual;CZ3328JVJ3;","
sladmtq02;Virtual;CZJ2390PR2;","
slagiad01;Virtual;CZJ2390PR5;","
slagiap01;Virtual;CZJ4500992;","
slagiaq01;Virtual;CZ34122RMK;","
slagibp01;Virtual;CZ34122RLM;","
slagibp02;Virtual;CZ3325HKC1;","
slagibq01;Virtual;CZ34122RMA;","
slagibq02;Virtual;CZJ2511H1P;","
slagpbp01;Virtual;CZJ4500997;","
slagpbp02;Virtual;CZJ2511H1K;","
slagrad01;Virtual;CZJ2511H0V;","
slapnap01;Virtual;CZ34122RMX;","
slaskad01;Virtual;CZJ2511H14;","
slatlph01;Virtual;;","
slbckip00;Virtual;CZJ450098W;","
slbckip01;Fisica;CZJ450099B;","
slbckip02;Fisica;;","
slbckip05;Fisica;CZ32025YP0 ;","
slbckip06;Fisica;CZ32025YNK;","
slbckip07;Fisica;CZJ2511H1H;","
slbckip10;Virtual;CZJ2511H1Q;","
slbckip11;Fisica;CZJ2511H17;","
slbckip20;Fisica;CZJ4500998;","
slbckip30;Fisica;CZJ2511H0Z;","
slbckip40;Fisica;CZJ450098V;","
slbckip42;Fisica;CZ32025YNW;","
slbckip50;Fisica;CZJ2390PR4;","
slbinbc02;Virtual;CZJ2390PR5;","
slbndap03;Virtual;CZ25390H5J;","
SLBNDAP04;Virtual;CZJ4500995;","
slbndap05;Virtual;CZJ4500995;","
slbndap06;Virtual;CZJ450098X;","
slbndap09;Virtual;CZ25390H5C;","
slbndap10;Virtual;CZ25390H5C;","
slbnfbd01bs;Virtual;CZ34122RMX;","
slbnfbp01bs;Virtual;CZJ450099D;","
slbnfbq01bs;Virtual;CZ34122RMH;","
slbnfbq02bs;Virtual;CZ34122RMX;","
slbnfbr10bs;Virtual;CZJ2511H1L;","
slclyad01;Virtual;CZ23510BG3;","
slclyaq01;Virtual;CZ3325HKBW;","
slclyaq02;Virtual;CZJ2511H1J;","
slclybp01;Virtual;CZJ450099C;","
slclybp02;Virtual;CZJ2511H1P;","
slclybq01;Virtual;CZ34122RMH;","
slclybq02;Virtual;CZJ2511H1N;","
slcrmbp01;Virtual;CZ25390H5J;","
slcrmbp03;Virtual;CZ25390H5K;","
slcrmbq01;Virtual;CZ25390H5G;","
slcsdad01;Virtual;CZJ35106CB;","
slcsdad02;Virtual;CZJ2390PR2;","
slcsdap03;Virtual;CZJ2390PR5;","
slcsdap04;Virtual;CZJ2511H12;","
slcsdaq01;Virtual;CZ34122RMX;","
slcsdaq02;Virtual;CZ34122RMK;","
slcsdaq03;Virtual;CZJ2511H1P;","
slcsdaq04;Virtual;CZ3328JVHT;","
slcsdbd02;Virtual;CZJ35106CB;","
slcsdbd03;Virtual;CZJ2511H1F;","
slcsdbp02;Virtual;CZJ2511H1L;","
slcsdbp04;Virtual;CZJ2511H0V;","
slcsdbp05;Virtual;CZJ4500990;","
slcsdbp06;Virtual;CZJ2511H10;","
slcsdbp07;Virtual;CZ25390H5H;","
slcsdbp09;Virtual;CZ34122RLM;","
slcsdbp10;Virtual;USE302S78B;","
slcsdbp11;Virtual;CZ34122RLM;","
slcsdbp12;Virtual;CZJ2390PR9;","
slcsdbq01;Virtual;CZ34122RM8;","
slcsdbq02;Virtual;CZJ35106CC;","
slcsdbq03;Virtual;CZ34122RMS;","
slcsdbq04;Virtual;CZJ35106CB;","
slcsdbq05;Virtual;CZ3328JVJF;","
slcsdbq06;Virtual;CZJ2511H1J;","
slcsdbq07;Virtual;CZ34122RM0;","
slcsdbq09;Virtual;CZ34122RM6;","
slcsdbq10;Virtual;CZJ2511H1L;","
slcsdbzp01;Virtual;FCH21377K07;","
slcsdbzq01;Virtual;FCH21367NN2;","
slcsddp02;Virtual;CZJ450098Y;","
slcsddp03;Virtual;CZ3328JVJ3;","
slcsdjd01;Virtual;CZJ2511H10;","
SLCSDJD02;Virtual;CZJ2511H14;","
slcsdjp01;Virtual;CZ34122RLK;","
slcsdjq01;Virtual;CZ34122RM8;","
slcsdtd01;Virtual;CZJ35106CB;","
slcstdd01;Virtual;;","
slcstdd02;Virtual;CZJ2511H1G;","
slcstdp02;Virtual;CZJ2511H10;","
slcstdq01;Virtual;CZ34122RM8;","
slcstdq02;Virtual;CZJ2511H12;","
slctrfp03;Virtual;CZJ4500994;","
slctrfp04;Virtual;CZ34122RMM;","
slctrfp05;Virtual;CZ25390H5J;","
slctrfp25;Virtual;CZJ450098X;","
slctrfp26;Virtual;CZJ2511H10;","
slctrfq03;Virtual;CZ34122RMS;","
slctrfq04;Virtual;CZ34122RM6;","
slctrfq05;Virtual;FCH21377K07;","
slctrfq06;Virtual;CZJ4500994;","
slctrfq25;Virtual;CZJ4500995;","
slctrfq26;Virtual;CZJ35106CC;","
sldtsdd01;Virtual;CZJ2511H10;","
sldwcbp01;Fisica;CZ23510BG2;","
sldwcbp02;Fisica;CZ3325HKBR;","
sldwcbp03;Fisica;CZ25390J3W;","
slefwbp02;Virtual;CZ3325HKBW;","
slelktrap60;Virtual;06BK231;","
slelktrap61;Virtual;646576;","
sleolap01;Virtual;CZ25390H5F;","
sleolaq01;Virtual;CZ34122RMH;","
slesrap01;Virtual;CZ25390H5D;","
slesrap02;Virtual;CZ25390H5D;","
slesraq01;Virtual;FCH21367NN2;","
slfapwd01;Virtual;CZJ2511H1P;","
slfapwd02;Virtual;CZJ2511H1R;","
slfapwp01;Virtual;CZJ4500994;","
slfapwp02;Virtual;CZ34122RLX;","
slfapwp03;Virtual;CZJ2511H12;","
slfapwp04;Virtual;CZJ2511H1G;","
slfapwq01;Virtual;CZ34122RM0;","
slfapwq02;Virtual;CZ34122RMK;","
slfapwq03;Virtual;CZJ2390PR2;","
slfapwq04;Virtual;CZJ35106CB;","
slflxap01;Virtual;CZ3328JVJF;","
slfssip02;Virtual;CZJ2511H1F;","
slidwbp01;Virtual;CZ34122RM6;","
SLIEMAP1;Virtual;06T8148;","
SLIEMAP2;Virtual;06T8148;","
slinffl01;Virtual;CZJ2511H1F;","
slintvctdb01s1;Virtual;CZ34122RM2;","
sliprfp02;Virtual;CZ34122RLP;","
slldpip02;Virtual;CZJ2390PR5;","
slltfap01;Virtual;646576;","
slltfap02;Virtual;06BK231;","
slmgmnp01;Virtual;CZ34122RMC;","
slmgmnp02;Virtual;CZJ2511H14;","
slmisad01;Virtual;CZJ2511H1F;","
slmisap01;Virtual;CZ3328JVJB;","
slmisaq01;Virtual;CZ34122RM0;","
slmisjd01;Virtual;CZJ2511H14;","
slmisjq01;Virtual;CZ34122RMK;","
SLNAGAP1;Virtual;06M4091;","
SLNAGAP2;Virtual;06T8142;","
slnagfp00;Virtual;CZ3328JVJ3;","
slnagfp01;Virtual;CZJ2511H14;","
slnagfp03;Virtual;CZJ2511H1L;","
slnagfq00;Virtual;CZ34122RMA;","
slnagfq01;Virtual;CZJ35106CC;","
slnagip02;Virtual;CZ25390H5J;","
slnagip03;Virtual;CZJ450099F;","
slnmbap01;Virtual;CZ34122RLP;","
sloavdq1;Virtual;CZ3328JVHY;","
sloemfp01;Virtual;CZ3328JVHY;","
sloemfp02;Virtual;CZJ4500999;","
slonrip02;Virtual;CZJ35106CC;","
slonrip04;Virtual;CZJ2511H1K;","
slonrip05;Virtual;CZ25390H5H;","
slonrip06;Virtual;CZJ450098Z;","
slonrip07;Virtual;CZ25390H5M;","
slonrip08;Virtual;CZJ450098Z;","
slorgard01;Virtual;CZ3328JVHY;","
slpamic01;Virtual;CZJ2511H1L;","
slpkiap01;Virtual;CZ34122RLX;","
slpkiap02;Virtual;CZJ2511H0V;","
slqctbp01;Virtual;CZJ450098Y;","
slqctbq01;Virtual;CZ34122RMA;","
slqctfp01;Virtual;CZ3328JVJF;","
slqctfq01;Virtual;CZ34122RMA;","
slracbp05;Virtual;CZ3328JVJB;","
slracbp06;Virtual;CZ3328JVJF;","
slracbp07;Virtual;CZ3328JVJB;","
slracbp08;Virtual;CZ3328JVJB;","
slrdaap01;Virtual;CZ34122RLS;","
slsasad01;Virtual;CZ36505L38;","
slsasad02;Virtual;CZ34122RM8;","
slsasad04bs;Virtual;CZ34122RMK;","
slsasad05bs;Virtual;CZ34122RMA;","
slsasad06bs;Virtual;CZ34122RMA;","
slsasap01;Virtual;CZ36505L38;","
slsasap02;Virtual;CZ36505L48;","
slsasap03;Virtual;CZ36505L3X;","
slsasap04;Virtual;CZ36505L3K;","
slsasap04bs;Virtual;CZJ4500992;","
slsasap05;Virtual;CZ23510BG3;","
slsasap05bs;Virtual;CZJ4500992;","
slsasap06;Virtual;CZ3328JVJ7;","
slsasap06bs;Virtual;CZJ450098W;","
slsasap07;Virtual;CZ3328JVJ7;","
slsasap08;Virtual;CZ3328JVJ3;","
slsasap09;Virtual;CZ36505L4K;","
slsasap10;Virtual;CZ36505L48;","
slsasaq01;Virtual;CZ36505L2X;","
slsasaq02;Virtual;CZ36505L2X;","
slsasaq03;Virtual;CZ36505L4K;","
slsasaq04;Virtual;CZ3328JVJF;","
slsasaq04bs;Virtual;CZ34122RMS;","
slsasaq05;Virtual;CZ3328JVJ3;","
slsasaq05bs;Virtual;CZ34122RMX;","
slsasaq06bs;Virtual;CZ34122RMK;","
slsfxbq20;Virtual;CZ34122RMX;","
slsgrad01;Virtual;CZ3328JVJ7;","
slsppad01;Virtual;CZJ2511H1R;","
slsppad11;Virtual;CZJ2511H1R;","
slsppap01;Virtual;CZ25390H5L;","
slsppap02;Virtual;CZ25390H5L;","
slsppap03;Virtual;CZ25390H5L;","
slsppap11;Virtual;CZ25390H5M;","
slsppap12;Virtual;CZ25390H5M;","
slsppap13;Virtual;CZJ450099F;","
slsppap22;Virtual;CZJ450098Z;","
slsppaq01;Virtual;CZJ450099F;","
slsppaq02;Virtual;CZJ4500995;","
slsppaq03;Virtual;CZJ450098Z;","
slsppaq11;Virtual;CZ25390H5G;","
slsppaq12;Virtual;CZ25390H5J;","
slsppaq13;Virtual;CZ25390H5G;","
slsppaq22;Virtual;CZJ450099G;","
slsppbd01;Virtual;CZJ2511H1L;","
slsppbp01;Virtual;FCH21397663;","
slsppbp11;Virtual;FCH21367NN2;","
slsppbp22;Virtual;CZJ450098Z;","
slsppbq11;Virtual;CZ25390H5L;","
slsppbq22;Virtual;CZJ450098Z;","
slsppwd01;Virtual;CZJ2390PR9;","
slsppwd11;Virtual;CZJ2511H1L;","
slsppwp01;Virtual;CZ25390H5N;","
slsppwp02;Virtual;CZ25390H5N;","
slsppwp11;Virtual;CZ25390H5N;","
slsppwp12;Virtual;CZ25390H5N;","
slsppwp22;Virtual;CZJ4500995;","
slsppwq01;Virtual;CZJ4500991;","
slsppwq02;Virtual;CZJ450098X;","
slsppwq11;Virtual;CZ25390H5H;","
slsppwq12;Virtual;CZ25390H5J;","
slsppwq22;Virtual;CZJ450098Z;","
slsppxd01;Virtual;CZJ2511H1B;","
slsqdap01;Virtual;CZJ4500995;","
slsqdap02;Virtual;CZJ450098Z;","
slsqdap03;Virtual;CZJ4500995;","
slsqdap04;Virtual;CZ25390H5D;","
slsqdap05;Virtual;CZ34122RLX;","
slsqdap06;Virtual;CZ34122RMC;","
sltibat01;Virtual;CZ23510BG3;","
sltibbd01;Virtual;CZJ35106CC;","
sltibbd02;Virtual;CZJ2511H1F;","
sltibbh01;Virtual;CZ3328JVJF;","
sltibbh02;Virtual;CZ3328JVJ3;","
sltibbp05;Virtual;CZJ4500996;","
sltibbp06;Virtual;CZJ2511H1Q;","
sltibbp07;Virtual;CZ3325HKC5;","
sltibbp09;Virtual;CZJ2511H1P;","
sltibbq03;Virtual;CZ34122RME;","
sltibbq04;Virtual;CZJ2511H1P;","
sltibbq05;Virtual;CZ3328JVJF;","
sltibbq06;Virtual;CZ3328JVHT;","
sltraap01;Virtual;CZ34122RM2;","
slunxct01;Virtual;CZJ4500992;","
slunxct02;Virtual;CZJ2511H1N;","
slunxct11;Virtual;CZ34122RMH;","
slvctnetbp02;Virtual;CZJ2511H15;","
slvmwdb01;Virtual;H849NP1350;","
slvmxap01;Virtual;CZ34122RME;","
slvmxap02;Virtual;CZJ2511H1R;","
slvrtat01;Virtual;CZ34122RMH;","
slvucad01;Virtual;CZJ2511H1Q;","
slvucap01;Virtual;CZ34122RMC;","
slvucaq01;Virtual;CZJ2511H14;","
slwikap01;Virtual;CZJ4500993;","
slwlsad01;Virtual;CZJ2511H12;","
srvmoss1p;Virtual;CZ34122RMV;","
ssblsseps01;Virtual;689038;","
ssmvmws01;Fisica;06BK231;","
ssmvmws02;Fisica;646576;","
swaccad03;Virtual;CZJ2511H10;","
swacdad21;Virtual;CZJ2511H1B;","
swacdap01;Virtual;CZ34122RLV;","
swacdap02;Virtual;CZ34122RLK;","
swadfip20;Virtual;CZ34122RLV;","
swadfip21;Virtual;CZJ2511H15;","
swadfiq20;Virtual;CZ34122RMA;","
swadsip01;Virtual;FCH21377H1A;","
swadsip01af;Virtual;CZ34122RLK;","
swadsip01bs;Virtual;CZJ450098W;","
swadsip02;Virtual;CZ3328JVJF;","
swadsip02af;Virtual;CZ34122RM4;","
swadsip02bs;Virtual;CZJ450098W;","
swadsip03;Virtual;CZ3328JVHY;","
swadsip03af;Virtual;CZJ2511H1L;","
swadsip03bs;Virtual;CZJ4500993;","
swadsip04af;Virtual;CZJ2511H10;","
swadsip04bs;Virtual;CZ34122RLV;","
swadsip11bs;Virtual;CZJ2511H1L;","
swadsip12bs;Virtual;CZJ2511H12;","
swadsip21;Virtual;CZ34122RM2;","
swadsip22;Virtual;CZJ2390PR9;","
swadsip23;Virtual;CZ34122RM2;","
swadsip24;Virtual;CZJ2511H1F;","
swadsip25;Virtual;CZ34122RMC;","
swadsip26;Virtual;CZJ2511H1N;","
swadsip27;Virtual;CZJ4500992;","
swadsip28;Virtual;CZJ35106CF;","
swadsip29;Virtual;CZ34122RLK;","
swadsip30;Virtual;CZJ2511H0V;","
swadsip31;Virtual;CZJ35106CC;","
swadsip32;Virtual;CZJ2511H1F;","
swadsip51;Virtual;CZ25390H5K;","
swadsip52;Virtual;CZ25390H5F;","
swadsip53;Virtual;CZJ450098X;","
swadsip54;Virtual;CZJ4500995;","
swadsip66;Virtual;CZ25390H5C;","
swadsip67;Virtual;CZ25390H5M;","
swadsip80;Virtual;06T8142;","
swadsiq01;Virtual;CZJ2511H1J;","
swadsiq02;Virtual;CZJ2511H1F;","
swadsiq03;Virtual;CZJ2511H1Q;","
swadsiq04;Virtual;CZJ2511H1K;","
swadsiq05;Virtual;CZ34122RM6;","
swadsiq06;Virtual;CZ34122RMH;","
swadsiq07;Virtual;CZ34122RM6;","
swadsiq08;Virtual;CZ34122RMA;","
swadsiq51;Virtual;FCH21377K07;","
swadsiq52;Virtual;FCH21367NN2;","
swadsiq53;Virtual;CZJ4500995;","
swadsiq54;Virtual;CZJ4500995;","
swadsiq61;Virtual;CZJ450098X;","
swadsiq62;Virtual;CZJ450098X;","
swadsiq86;Virtual;06T8068;","
swadwip50;Virtual;CZ25390H5H;","
swadwip51;Virtual;CZJ450098X;","
swadwiq50;Virtual;CZ25390H5F;","
swafsac01;Virtual;CZJ2511H1K;","
swagpap20;Virtual;CZ34122RLK;","
swagpap21;Virtual;CZJ2511H1F;","
swagpaq20;Virtual;CZ34122RMH;","
swagpaq21;Virtual;CZJ35106CF;","
swagpwd20;Virtual;CZJ2511H1F;","
swagpwp20;Virtual;CZ34122RMC;","
swagpwp21;Virtual;CZJ35106CC;","
swagpwp22;Virtual;CZ34122RLV;","
swagpwp23;Virtual;CZJ2390PR2;","
swagpwq20;Virtual;CZ34122RMS;","
swagpwq21;Virtual;CZJ2511H1Q;","
swagrwd01;Virtual;CZJ2511H1G;","
swalcac02;Virtual;CZJ2390PR5;","
swappap01;Virtual;CZ34122RLK;","
swappaq01;Virtual;CZJ2511H0V;","
swasdip01af;Virtual;CZ34122RM4;","
swbckip01;Virtual;CZ34122RLX;","
swbnfwd01bs;Virtual;CZ34122RMH;","
swbthfp01;Virtual;CZJ450098W;","
swbthfp02;Virtual;CZJ35106CB;","
swbthfq01;Virtual;CZ34122RM6;","
swbthfq02;Virtual;CZJ2511H1B;","
swcandp01;Virtual;CZJ450099C;","
swcapad01bs;Virtual;CZ34122RM0;","
swcapad02bs;Virtual;CZ34122RM0;","
swcapap01bs;Virtual;CZ34122RMP;","
swcapap02bs;Virtual;CZJ4500992;","
swcapap20;Virtual;CZ34122RMV;","
swcapap21;Virtual;CZJ2511H15;","
swcapap22;Virtual;CZJ4500994;","
swcapap50af;Virtual;CZ25390H5L;","
swcapap51af;Virtual;CZ25390H5F;","
swcapap60;Virtual;CZ25390H5L;","
swcapaq20;Virtual;CZ34122RMK;","
swcapaq21;Virtual;CZJ2390PR5;","
swcapaq22;Virtual;CZJ2511H15;","
swcapaq50;Virtual;CZJ35106CB;","
swcapaq50af;Virtual;CZ25390H5L;","
swcapaq60;Virtual;FCH21367NN2;","
swcbdbp20;Virtual;CZ3328JVHY;","
swcbdbp21;Virtual;CZJ2511H14;","
swcbdxp20;Virtual;CZ34122RM4;","
swcbdxp21;Virtual;CZJ2511H15;","
swcbdxp50;Virtual;CZ25390H5F;","
swcbdxp51;Virtual;CZJ450098Z;","
swcblad20;Virtual;CZJ2511H0V;","
swcblad21;Virtual;CZJ2511H1R;","
swcnmap01;Virtual;CZ34122RMC;","
swcnmap02;Virtual;CZ34122RMM;","
swcomap02;Virtual;CZJ4500992;","
swcomap03;Virtual;CZJ2511H14;","
swcorad01;Virtual;CZJ2511H1R;","
swcorap20;Virtual;CZ34122RLX;","
swcplwd20;Virtual;CZJ2511H1K;","
swcplwd21;Virtual;CZJ2511H1J;","
swcrmac01;Virtual;CZJ2511H10;","
swcrmad20;Virtual;CZJ2511H15;","
swcrmap20;Virtual;CZ3325HKC5;","
swcrmap21;Virtual;CZ3328JVJ3;","
swcrmap22;Virtual;CZ3328JVJF;","
swcrmap23;Virtual;CZ3328JVJ3;","
swcrmap24;Virtual;CZ3325HKC5;","
swcrmap25;Virtual;CZ3328JVJF;","
swcrmap26;Virtual;CZ3325HKC5;","
swcrmaq20;Virtual;CZJ2511H1R;","
swcrmaq21;Virtual;CZJ2511H1L;","
swcrmaq22;Virtual;CZJ2511H1B;","
swcrmwc01;Virtual;CZJ2511H1K;","
swcrmwd20;Virtual;CZJ35106CC;","
swcrmwp20;Virtual;CZ34122RLX;","
swcrmwp21;Virtual;CZJ4500993;","
swcrmwq20;Virtual;CZJ2511H12;","
swcrmwq21;Virtual;CZJ2511H1B;","
swcryrd20;Virtual;CZJ2511H1J;","
swcryrd21;Virtual;CZJ2511H1P;","
swcryrp20;Virtual;CZJ4500992;","
swcryrp21;Virtual;CZJ2511H1B;","
swcryrq20;Virtual;CZ34122RMK;","
swcryrq21;Virtual;CZJ2511H1J;","
swcsdad01;Virtual;CZJ2511H12;","
swcsddd01;Virtual;CZJ2511H15;","
swcsddd02;Virtual;CZJ2511H14;","
swcsddd03;Virtual;CZJ2511H1Q;","
swcsdrd01;Virtual;CZJ2511H10;","
swcsdrd02;Virtual;CZJ2511H12;","
swcssap01;Virtual;CZ34122RMC;","
swcssaq01;Virtual;CZJ35106CF;","
swcssat01;Virtual;CZJ35106CC;","
swcssat02;Virtual;CZJ2511H1K;","
swctrfp02;Virtual;CZ25390H5K;","
swctrfp21;Virtual;CZJ35106CC;","
swctrfp22;Virtual;CZJ4500995;","
swctrfq02;Virtual;CZ25390H5L;","
swctrfq11;Virtual;CZ34122RME;","
swctrfq21;Virtual;CZJ2511H15;","
swctrfq22;Virtual;CZJ4500995;","
swdadwd20;Virtual;CZ3328JVJ3;","
swdanad20;Virtual;CZJ2511H10;","
swdanwd20;Virtual;CZJ35106CB;","
swdcpdd01;Virtual;CZJ2511H10;","
swddsdd01;Virtual;CZ34122RM6;","
swdfsip01;Virtual;CZ34122RLV;","
swdfsip01bs;Virtual;CZJ4500993;","
swdfsip02;Virtual;CZ34122RM4;","
swdfsip02bs;Virtual;CZJ4500992;","
swdfsip20;Virtual;CZ34122RMP;","
swdfsip21;Virtual;CZJ2511H12;","
swdfsip22;Virtual;CZJ450098W;","
swdfsip23;Virtual;CZJ2511H1K;","
swdfsiq01;Virtual;CZ34122RM0;","
swdfsiq02;Virtual;CZJ2390PR9;","
swdigxp01;Virtual;CZ34122RM2;","
swdmaap01;Virtual;CZ34122RLP;","
swdmaaq01;Virtual;CZ34122RMA;","
swdpbxp01;Virtual;CZJ4500992;","
swdsmdt01;Virtual;CZ34122RM6;","
swdtfap01;Virtual;CZ34122RLX;","
swdtfaq01;Virtual;CZ34122RMS;","
swdtlad01;Virtual;CZJ2511H12;","
swdtsbd01;Virtual;;","
swdtsbp01;Virtual;CZ23510BG3;","
swdtsbp02;Virtual;CZJ2511H0V;","
swdtsbq01;Virtual;CZ34122RME;","
swdtswd01;Virtual;CZJ2511H1K;","
sweetad01;Virtual;CZJ2390PR2;","
sweetap01;Virtual;CZ25390H5M;","
sweetaq01;Virtual;CZJ2511H1J;","
sweggad01bs;Virtual;CZ34122RME;","
sweggap01bs;Virtual;CZ34122RLX;","
sweggap02bs;Virtual;CZ34122RLV;","
swepoaq20;Virtual;CZ34122RM6;","
swepoip02;Virtual;CZ25390H5L;","
swepoip03;Virtual;CZ34122RLX;","
swepoip04;Virtual;CZJ4500995;","
swerrwp20;Virtual;FCH21367NN2;","
swevoap01;Virtual;CZJ4500993;","
swevowp01;Virtual;CZ34122RLV;","
swevowq01;Virtual;CZ34122RM6;","
swfbkad01;Virtual;CZJ2511H10;","
swfbkap21;Virtual;CZJ2511H1B;","
swfbkap23;Virtual;CZJ35106CB;","
swfbkap25;Virtual;CZJ35106CC;","
swfbkap26;Virtual;CZ25390H5J;","
swfbkap27;Virtual;CZJ450098Z;","
swfbkap28;Virtual;CZJ450098X;","
swfbkap29;Virtual;CZJ450099F;","
swfbkap31;Virtual;CZJ2511H1R;","
swfbkaq20;Virtual;CZ34122RMS;","
swfbkaq21;Virtual;CZ25390H5G;","
swfbkaq22;Virtual;CZJ2511H10;","
swfbkaq23;Virtual;CZ25390H5K;","
swfbkaq25;Virtual;CZJ450098Z;","
swfbkxp20;Virtual;CZ34122RMM;","
swfbkxp21;Virtual;CZJ2511H1N;","
swfdmap01af;Virtual;CZ34122RLP;","
swfdmop01af;Virtual;CZ34122RMP;","
swfdmwp01af;Virtual;CZJ4500992;","
swfdmwr01af;Virtual;CZJ2511H0V;","
swflxad01;Virtual;CZJ35106CB;","
swflxwd01;Virtual;CZJ35106CB;","
swftpip01;Virtual;CZ34122RM2;","
swftpip02;Virtual;CZJ35106CF;","
swftpip03;Virtual;CZ34122RMV;","
swftpip04;Virtual;CZJ35106CB;","
swftpip10;Virtual;CZ34122RMC;","
swftpip11;Virtual;CZJ2511H1N;","
swftpiq01;Virtual;CZ34122RM6;","
swftpiq02;Virtual;CZJ2511H1J;","
SWG2KBD20;Virtual;CZJ2390PR9;","
swg2kbp20;Virtual;CZJ450099C;","
swg2kbq20;Virtual;CZ34122RM0;","
swg2kwd20;Virtual;CZJ2511H0V;","
swg2kwp20;Virtual;CZ34122RM4;","
swg2kwp21;Virtual;CZJ2511H1K;","
swg2kwq20;Virtual;CZ34122RM6;","
swg2kwq21;Virtual;CZJ2511H0V;","
swgapap01;Virtual;CZ34122RM4;","
swgatap01af;Virtual;CZ34122RM4;","
swgataq01af;Virtual;CZ34122RME;","
swgatbq01af;Virtual;CZ34122RMS;","
SWGBDFD01;Virtual;CZJ2511H1Q;","
swgcfap01;Virtual;CZ34122RLK;","
swgcfap02;Virtual;CZJ4500993;","
swgiap01af;Virtual;CZ25390H5M;","
swgiead01bs;Virtual;CZ34122RMA;","
swgimad20;Virtual;CZ3328JVJ7;","
swgimap21;Virtual;CZ3325HKBW;","
swgimap22;Virtual;CZ34122RLK;","
swgimap23;Virtual;CZ3325HKC1;","
swgimaq20;Virtual;CZ34122RME;","
swgimaq21;Virtual;CZJ2511H1N;","
swgimwd20;Virtual;CZJ2511H1K;","
swgimwp20;Virtual;CZJ4500992;","
swgimwp21;Virtual;CZ3328JVHT;","
swgimwp22;Virtual;CZJ4500993;","
swgimwp23;Virtual;CZ3325HKBW;","
swgimwq20;Virtual;CZ34122RM6;","
swgimwq21;Virtual;CZJ2511H1B;","
swgimxp20;Virtual;CZ3328JVHY;","
swgimxq20;Virtual;CZJ2511H10;","
swgipfp01;Virtual;CZ34122RLP;","
swgnvad03bs;Virtual;CZ34122RME;","
swgnvad04bs;Virtual;CZ34122RMX;","
swgnvap03bs;Virtual;CZJ4500994;","
swgnvap04bs;Virtual;CZ34122RMM;","
swgnvaq03bs;Virtual;CZ34122RM0;","
swgnvaq04bs;Virtual;CZ34122RMH;","
swgnvwd03bs;Virtual;CZ34122RMA;","
swgnvwd04bs;Virtual;CZ34122RM0;","
swgnvwp03bs;Virtual;CZ34122RM2;","
swgnvwp04bs;Virtual;CZ34122RMV;","
swgnvwq03bs;Virtual;CZ34122RMX;","
swgnvwq04bs;Virtual;CZ34122RME;","
swgpoap01;Virtual;CZ34122RLK;","
swgpoaq01;Virtual;CZJ35106CF;","
swgprad01bs;Virtual;CZ34122RMA;","
swgprap01bs;Virtual;CZ34122RLX;","
swgprap02bs;Virtual;CZ34122RLP;","
swgvdad03bs;Virtual;CZ34122RMS;","
swgvdad04bs;Virtual;CZ34122RMA;","
swgvdap03bs;Virtual;CZJ4500994;","
swgvdap04bs;Virtual;CZ34122RLX;","
swgvdaq03bs;Virtual;CZ34122RMA;","
swgvdaq04bs;Virtual;CZ34122RME;","
swgvdwd03bs;Virtual;CZ34122RMK;","
swgvdwd04bs;Virtual;CZ34122RM6;","
swgvdwp03bs;Virtual;CZ3328JVJF;","
swgvdwp04bs;Virtual;CZ3328JVJB;","
swgvdwq03bs;Virtual;CZ34122RM0;","
swgvdwq04bs;Virtual;CZ34122RMX;","
swgwcip01;Virtual;CZJ4500992;","
swhpmip01;Virtual;CZ34122RLK;","
swifrap20;Virtual;CZ3325HKC5;","
swihswp20;Virtual;CZJ450098W;","
swihswp21;Virtual;CZ34122RMC;","
swihswq20;Virtual;CZ34122RMX;","
swihswq21;Virtual;CZ34122RM6;","
swihswq22;Virtual;CZ34122RMS;","
swihswq23;Virtual;CZ34122RMH;","
swiifad01;Virtual;CZJ35106CB;","
SWIISWD01;Virtual;CZJ2511H15;","
swiiswd01bs;Virtual;CZ34122RMA;","
SWIISWD02;Virtual;CZJ2511H12;","
swiiswd20;Virtual;CZJ2390PR2;","
swiiswp01bs;Virtual;CZJ4500993;","
swiiswp02bs;Virtual;CZ34122RLP;","
swiiswp10;Virtual;CZ34122RM4;","
swiiswp20;Virtual;CZ3328JVJ7;","
swiiswp21;Virtual;CZJ2390PR2;","
swiiswp22;Virtual;CZ34122RLX;","
swiiswp23;Virtual;CZJ2511H14;","
swiiswp24;Virtual;CZ34122RM2;","
swiiswp25;Virtual;CZJ2390PR2;","
swiiswp26;Virtual;CZ34122RMP;","
swiiswp27;Virtual;CZJ2511H10;","
swiiswp28;Virtual;CZ34122RMC;","
swiiswp29;Virtual;CZJ2511H1J;","
swiiswp30;Virtual;CZJ4500992;","
swiiswp31;Virtual;CZJ2390PR2;","
swiiswp51af;Virtual;CZ25390H5K;","
swiiswp52af;Virtual;CZ25390H5H;","
swiiswp53af;Virtual;CZ25390H5H;","
swiiswp60;Virtual;CZ25390H5J;","
swiiswp62;Virtual;CZ25390H5L;","
swiiswp64;Virtual;CZ25390H5L;","
swiiswp66;Virtual;CZ25390H5M;","
swiiswq01;Virtual;CZJ35106CF;","
swiiswq02;Virtual;CZJ35106CB;","
swiiswq20;Virtual;CZ34122RM0;","
swiiswq21;Virtual;CZJ2390PR2;","
swiiswq22;Virtual;CZ34122RMH;","
swiiswq23;Virtual;CZJ35106CB;","
swiiswq24;Virtual;CZ34122RME;","
swiiswq25;Virtual;CZJ2390PR2;","
swiiswq26;Virtual;CZ34122RME;","
swiiswq27;Virtual;CZJ2511H1L;","
swiiswq29;Virtual;CZJ2511H1L;","
swiiswq30;Virtual;CZ34122RMH;","
swiiswq31;Virtual;CZJ2511H0V;","
swiiswq51af;Virtual;CZ25390H5L;","
swiiswq52af;Virtual;CZ25390H5M;","
swiiswq53af;Virtual;CZ25390H5M;","
swiiswq60;Virtual;CZ25390H5M;","
swiiswq62;Virtual;CZ25390H5C;","
swiiswq64;Virtual;CZ25390H5D;","
swiiswq66;Virtual;FCH21367NN2;","
swilmip01;Virtual;CZJ2511H1B;","
swinfdp01;Virtual;CZJ450099C;","
swinfdp02;Virtual;CZJ4500990;","
swinfrp01;Virtual;CZ34122RM4;","
swinfrp02;Virtual;CZ34122RM4;","
swinfwp01;Virtual;CZ34122RM4;","
swinfxp01;Virtual;CZ34122RLV;","
swintsrmip01s1;Virtual;FCH21377H1A;","
swintsrmip01s3;Virtual;H849NP1350;","
swintvumip01s1;Virtual;FCH21377H1A;","
swisuad20;Virtual;CZ3328JVJF;","
swisuad21;Virtual;CZJ2511H1G;","
swisuap20;Virtual;CZ34122RLV;","
swisuap21;Virtual;CZJ2511H10;","
swisuap22;Virtual;CZ34122RLH;","
swisuap23;Virtual;CZJ2511H1G;","
swisuaq20;Virtual;CZ34122RMA;","
swisuaq21;Virtual;CZJ2511H1N;","
swisugp20;Virtual;CZJ4500993;","
swisugq20;Virtual;CZ34122RMA;","
swisugq21;Virtual;CZJ2390PR5;","
swmcsip01;Virtual;CZ34122RM4;","
swmcsip01bs;Virtual;CZ34122RMV;","
swmcsip02;Virtual;CZ25390H5D;","
swmcsip20;Virtual;CZ34122RLX;","
swmdwit01;Virtual;CZJ2511H1G;","
swmfsid01bs;Virtual;CZ34122RMH;","
swmfsip01bs;Virtual;CZ34122RMP;","
swmfsip02bs;Virtual;CZ34122RM4;","
swmfsip03bs;Virtual;CZ34122RMV;","
swmfsip04bs;Virtual;CZ34122RM4;","
swmfsip05bs;Virtual;CZJ4500994;","
swmfsip20;Virtual;CZ34122RMM;","
swmfsip20rc;Virtual;FCH21377JS2;","
swmfsip21;Virtual;CZJ2511H1J;","
swmfsip21rc;Virtual;CZJ2511H1L;","
swmfsip22;Virtual;CZ34122RLX;","
swmfsip23;Virtual;CZJ2511H1B;","
swmfsip23rc;Virtual;CZJ2390PR9;","
swmfsip24;Virtual;CZ34122RM4;","
swmfsip25rc;Virtual;CZJ2511H1R;","
swmfsip26;Virtual;CZ34122RMP;","
swmfsip27;Virtual;CZ3328JVHY;","
swmfsip27rc;Virtual;CZJ2511H1R;","
swmfsip28;Virtual;CZ3328JVHY;","
swmfsip29;Virtual;CZJ2511H1Q;","
swmfsip29rc;Virtual;CZJ35106CF;","
swmfsip30;Virtual;CZ34122RLP;","
swmfsip31hst;Virtual;CZJ2511H0V;","
swmfsip31rc;Virtual;CZJ2390PR2;","
swmfsip32;Virtual;CZJ4500994;","
swmfsip33hst;Virtual;CZJ2511H1L;","
swmfsip33rc;Virtual;CZJ2511H1Q;","
swmfsip34;Virtual;CZ34122RMM;","
swmfsip35rc;Virtual;CZJ35106CB;","
swmfsip36;Virtual;CZ34122RLP;","
swmfsip37rc;Virtual;CZJ2390PR9;","
swmfsip38;Virtual;CZJ450098W;","
swmfsip39rc;Virtual;CZJ2511H1J;","
swmfsip40;Virtual;CZ34122RLK;","
swmfsip41rc;Virtual;CZJ2511H1F;","
swmfsip42;Virtual;CZ34122RLX;","
swmfsip44;Virtual;CZ34122RMM;","
swmfsip46;Virtual;CZJ450098W;","
swmfsip48;Virtual;CZJ4500993;","
swmfsip50;Virtual;CZ34122RMV;","
swmfsip50rc;Virtual;FCH213976U1;","
swmfsip52rc;Virtual;FCH21377JS2;","
swmfsip53rc;Virtual;CZJ2511H1K;","
swmfsip54rc;Virtual;CZ34122RMM;","
swmfsip55rc;Virtual;CZJ2511H1K;","
swmfsip56rc;Virtual;FCH213976U1;","
swmfsip57rc;Virtual;CZJ2511H1L;","
swmfsip58rc;Virtual;CZ34122RMP;","
swmfsip59rc;Virtual;CZJ2511H12;","
swmfsip61rc;Virtual;CZJ2390PR9;","
swmfsip62rc;Virtual;CZJ450098W;","
swmfsip63rc;Virtual;CZJ2511H1P;","
swmfsip64rc;Virtual;CZ34122RM2;","
swmfsip65rc;Virtual;CZJ2511H1G;","
swmfsip66rc;Virtual;CZJ450098W;","
swmfsip67rc;Virtual;CZJ2511H1R;","
swmfsip68rc;Virtual;FCH21377JS2;","
swmfsip69rc;Virtual;CZJ2511H1R;","
swmfsip70rc;Virtual;CZ34122RMM;","
swmfsip71rc;Virtual;CZJ2511H1B;","
swmfsip72rc;Virtual;CZ34122RMV;","
swmfsip73rc;Virtual;CZJ2511H1G;","
swmfsip74rc;Virtual;CZ34122RLV;","
swmfsip75rc;Virtual;CZJ2511H1B;","
swmfsip76rc;Virtual;CZ34122RMC;","
swmfsip77rc;Virtual;CZJ2511H1Q;","
swmfsip78rc;Virtual;CZ34122RLX;","
swmfsip79rc;Virtual;CZJ35106CB;","
swmfsiq01;Virtual;CZ34122RMX;","
swmfsiq02;Virtual;CZJ2511H14;","
swmfsiq20rc;Virtual;CZ34122RM0;","
swmfsiq21rc;Virtual;CZJ2511H1R;","
swmfsiq22rc;Virtual;CZ34122RMS;","
swmfsiq23rc;Virtual;CZJ2511H1N;","
swmirxc02;Virtual;CZ34122RME;","
swmisad01;Virtual;CZJ35106CC;","
swmisad01bs;Virtual;CZ34122RM0;","
swmisap01;Virtual;CZ25390H5C;","
swmisap01bs;Virtual;CZ34122RMM;","
swmisap02bs;Virtual;CZJ4500993;","
swmisaq01;Virtual;FCH21367NN2;","
swmiswd01;Virtual;CZJ2511H1F;","
swmiswp01;Virtual;CZ3328JVHY;","
swmiswq01;Virtual;CZ34122RM0;","
swmisxd01;Virtual;CZJ2511H1B;","
swmisxp01;Virtual;CZJ4500992;","
swmisxq01;Virtual;CZ34122RMS;","
swmonxp01;Virtual;CZ34122RLX;","
swmonxq01;Virtual;CZ34122RMH;","
swmppxd01;Virtual;CZJ2511H1K;","
swmpsic03;Virtual;CZJ2390PR2;","
swmtcad01bs;Virtual;CZ34122RM6;","
swmtcap01bs;Virtual;CZ34122RMC;","
swnbfxf01;Virtual;CZ34122RMX;","
swnetsrmip01s1;Virtual;CZ25390H5J;","
swnetsrmip01s3;Virtual;CZJ4500995;","
swnptap21;Virtual;CZJ2390PR5;","
swnptap22;Virtual;CZ34122RLX;","
swnptap23;Virtual;CZJ2511H1P;","
swnptap24;Virtual;CZ34122RMP;","
swnptap25;Virtual;CZJ2511H1Q;","
swnptap26;Virtual;CZ34122RLP;","
swnptap27;Virtual;CZJ2511H15;","
swnptap28;Virtual;CZ34122RLK;","
swnptap30;Virtual;CZ34122RMV;","
swnptaq20;Virtual;CZ34122RM0;","
swnptaq21;Virtual;CZJ2390PR2;","
swnptaq22;Virtual;CZ34122RMH;","
swnptaq23;Virtual;CZJ35106CF;","
swnptwp20;Virtual;CZJ4500994;","
swnptwp21;Virtual;CZJ2511H1Q;","
swnptwp22;Virtual;CZ34122RM4;","
swnptwp23;Virtual;CZJ2511H1B;","
swnptwp24;Virtual;CZ34122RLP;","
swnptwp25;Virtual;CZJ2511H1B;","
swnptwp27;Virtual;CZJ35106CC;","
swnptwq20;Virtual;CZ34122RME;","
swnptwq21;Virtual;CZJ2390PR5;","
swnptwq22;Virtual;CZ34122RMA;","
swnptwq23;Virtual;CZJ2511H12;","
swocsad01bs;Virtual;CZ34122RMS;","
swocsap01bs;Virtual;CZJ4500993;","
swpamip20;Virtual;CZ34122RMP;","
swpamiq20;Virtual;CZJ35106CF;","
SWPCAWD01;Virtual;CZJ2511H1R;","
swpkiap01;Virtual;CZJ4500992;","
swpkiap02;Virtual;CZJ2511H15;","
swpmgip01;Virtual;CZ34122RM4;","
swppcad01;Virtual;CZJ35106CC;","
swprsip01;Virtual;CZ34122RMM;","
swprsip02;Virtual;CZJ2511H1N;","
swprsiq01;Virtual;CZ34122RMK;","
swprsiq02;Virtual;CZJ2390PR5;","
swpswip01;Virtual;CZ34122RLP;","
swptbad01;Virtual;;","
swpwdxp01;Virtual;CZ34122RMP;","
swpxyip01;Virtual;CZ34122RM4;","
swpxyiq01;Virtual;CZJ2390PR9;","
swqstxd01;Virtual;CZJ2511H1G;","
swraptp01;Virtual;CZ34122RMC;","
swrdlap20;Virtual;CZJ4500992;","
swrdlap21;Virtual;CZJ2511H1G;","
swrdpid01bs;Virtual;CZ34122RMK;","
swrdpip01;Virtual;CZ34122RM4;","
swrdpip01bs;Virtual;CZ34122RM4;","
swrdpip02;Virtual;CZJ2390PR2;","
swrdpip02bs;Virtual;CZ34122RLK;","
swrdpip03;Virtual;CZ34122RM2;","
swrdpip04;Virtual;CZJ2511H1P;","
swrdpiq01;Virtual;CZ34122RME;","
swrdpiq01bs;Virtual;CZ34122RMH;","
swrdpiq02;Virtual;CZJ2390PR9;","
swrdpiq02bs;Virtual;CZ34122RMS;","
swrdpwp01;Virtual;CZJ450098W;","
swrdpwp02;Virtual;CZJ2390PR9;","
swrdpwq01;Virtual;CZ34122RMA;","
swrdpwq02;Virtual;CZJ2511H1Q;","
swrgwip03;Virtual;CZ34122RMV;","
swrgwip04;Virtual;CZJ450098W;","
swrgwip05;Virtual;CZ34122RMV;","
swrgwip06;Virtual;CZJ450098W;","
swrmsap01;Virtual;CZ34122RMP;","
swrmsat01;Virtual;CZ34122RME;","
swrptrq20;Virtual;CZ34122RMX;","
swrvsap01;Virtual;CZJ450098W;","
swsapap20;Virtual;CZ25390H5M;","
swsapaq20;Virtual;CZ25390H5M;","
swsasad01bs;Virtual;CZ34122RM8;","
swsasap01bs;Virtual;CZ34122RM2;","
swsasaq01bs;Virtual;CZ34122RM6;","
swsbdap20;Virtual;CZ25390H5L;","
swsbdap21;Virtual;CZJ450098X;","
swsbdap22;Virtual;CZ25390H5N;","
swsbdap23;Virtual;CZJ450099F;","
swsbdap24;Virtual;CZ25390H5N;","
swsbdap25;Virtual;CZJ450099F;","
swsbdap26;Virtual;CZ25390H5D;","
swsbdap27;Virtual;CZJ450098X;","
swsbdap28;Virtual;CZ25390H5N;","
swsbdap29;Virtual;CZJ450098X;","
swsbdap30;Virtual;CZ25390H5H;","
swsbdap32;Virtual;CZ25390H5C;","
swsbdap34;Virtual;CZ25390H5C;","
swsbdap36;Virtual;CZ25390H5C;","
swsbdaq20;Virtual;CZ25390H5L;","
swsbdaq21;Virtual;CZJ450098Z;","
swsbdaq22;Virtual;CZ25390H5N;","
swsbdbp21;Virtual;FCH23047B9W;","
swsbdbp23;Virtual;FCH23047B9W;","
swsbdbp24;Virtual;FCH213976A8;","
swsbdbp26;Virtual;FCH21397663;","
swsbdbp28;Virtual;FCH21377K07;","
swsbdbq20;Virtual;CZ25390H5F;","
swsbdbq21;Virtual;CZJ450098X;","
swsbdbq22;Virtual;CZ25390H5L;","
swsbdbq23;Virtual;CZJ4500995;","
swsbdbq24;Virtual;CZ25390H5K;","
swsbdbq26;Virtual;CZ25390H5C;","
swsbdwp20;Virtual;CZ25390H5K;","
swsbdwp21;Virtual;CZJ450099F;","
swsbdwp22;Virtual;CZ25390H5C;","
swsbdwp23;Virtual;CZJ4500995;","
swsbdwp24;Virtual;CZ25390H5M;","
swsbdwp25;Virtual;CZJ4500995;","
swsbdwp26;Virtual;CZ25390H5N;","
swsbdwp27;Virtual;CZJ450098X;","
swsbdwp28;Virtual;CZ25390H5G;","
swsbdwp29;Virtual;CZJ450098X;","
swsbdwp30;Virtual;CZ25390H5D;","
swsbdwp32;Virtual;CZ25390H5D;","
swsbdwq20;Virtual;CZ25390H5C;","
swsbdwq21;Virtual;CZJ450098Z;","
swsbdwq22;Virtual;CZ25390H5K;","
swsbdxp20;Virtual;CZJ450099G;","
swsbdxq20;Virtual;CZ25390H5F;","
swscsip20;Virtual;CZ25390H5K;","
swseiwd20;Virtual;CZJ2511H12;","
swseiwp20;Virtual;CZ34122RLP;","
swseiwp21;Virtual;CZ34122RLP;","
swseiwq20;Virtual;CZ34122RM6;","
swseiwq21;Virtual;CZ34122RMK;","
swsfxap20;Virtual;CZ34122RLV;","
swsfxaq20;Virtual;CZ34122RMK;","
swsgcap20;Virtual;CZ34122RLK;","
swsgcaq20;Virtual;CZ34122RMS;","
SWSGIAD20;Virtual;CZJ2511H10;","
swsgwip01;Virtual;CZ34122RMM;","
swshkad20;Virtual;CZ3328JVHY;","
swshkap20;Virtual;CZ34122RLP;","
swshkap21;Virtual;CZJ2511H0V;","
swshkap22;Virtual;CZJ450098W;","
swshkap23;Virtual;CZJ2511H1F;","
swshkap24;Virtual;CZJ4500992;","
swshkap25;Virtual;CZJ2511H1P;","
swshkap26;Virtual;CZ34122RLP;","
swshkap27;Virtual;CZJ35106CF;","
swshkaq20;Virtual;CZ34122RMK;","
swshkaq21;Virtual;CZJ2511H1K;","
swshkaq22;Virtual;CZ34122RMX;","
swshkaq23;Virtual;CZJ2511H1N;","
swshpap01;Virtual;CZJ4500993;","
swshpwd01bs;Virtual;CZ34122RMK;","
swshpwp01;Virtual;CZ34122RLV;","
swshpwp02;Virtual;CZJ4500994;","
swsipap20;Virtual;CZ25390H5K;","
swsipaq20;Virtual;CZ25390H5L;","
swsipwp20;Virtual;CZ25390H5L;","
swsipwp22;Virtual;CZ25390H5F;","
swsipwp24;Virtual;CZ25390H5J;","
swsipwp26;Virtual;CZ25390H5K;","
swsipwp28;Virtual;CZ25390H5L;","
swsipwp40;Virtual;CZ25390H5M;","
swsipwp42;Virtual;CZ25390H5G;","
swsipwq20;Virtual;CZ25390H5F;","
swsipwq22;Virtual;FCH21377K07;","
swsipwq40;Virtual;CZ25390H5F;","
swsipxp20;Virtual;CZ25390H5H;","
swsipxq20;Virtual;CZ25390H5D;","
swspbap01;Virtual;CZ34122RLV;","
swspbaq01;Virtual;CZ34122RME;","
swsqlbd40;Virtual;CZJ2511H10;","
swsqlbd41;Virtual;CZ3328JVJ7;","
swsqlbd42;Virtual;CZJ2511H1G;","
swsqlbd43;Virtual;CZJ2511H12;","
swsqlbd44;Virtual;CZ3328JVHY;","
swsqlbd45;Virtual;CZ3328JVHY;","
swsqlrd22;Virtual;CZJ2511H1J;","
swsqlrp01bs;Virtual;CZJ450098Y;","
swsqlrp20;Virtual;CZ34122RLM;","
swsqlrp21;Virtual;CZJ2511H1K;","
swsqlrp22;Virtual;CZJ4500996;","
swsqlrp23;Virtual;CZJ2511H1P;","
swsqlrq22;Virtual;CZ34122RMS;","
swsqltd01bs;Virtual;CZ34122RMH;","
swsqltd02bs;Virtual;CZ34122RM0;","
swsqltd12;Virtual;CZ3328JVHY;","
swsqltl01;Virtual;CZ34122RMH;","
swsqltl02;Virtual;CZJ2511H15;","
swsqltl03;Virtual;CZJ2511H10;","
swsqltp01;Virtual;CZJ450099D;","
swsqltp01af;Virtual;CZJ450099D;","
swsqltp02af;Virtual;CZJ4500997;","
swsqltp03bs;Virtual;CZJ4500999;","
swsqltp11;Virtual;CZJ2390PR9;","
swsqltp12;Virtual;CZ23510BG3;","
swsqltp13;Virtual;CZJ2511H1G;","
swsqltp14;Virtual;CZJ450098Y;","
swsqltp18;Virtual;CZJ4500997;","
swsqltp20;Virtual;CZ3328JVJ3;","
swsqltp21;Virtual;CZJ2511H0V;","
swsqltp22;Virtual;CZ3325HKC5;","
swsqltp23;Virtual;CZ3325HKC1;","
swsqltp30;Virtual;CZ3328JVJB;","
swsqltp31;Virtual;CZ3328JVHT;","
swsqltp32;Virtual;CZ3328JVJF;","
swsqltp33;Virtual;CZ3325HKC1;","
swsqltp34;Virtual;CZJ4500999;","
swsqltp35;Virtual;CZJ2390PR5;","
swsqltp38;Virtual;CZ23510BG3;","
swsqltp39;Virtual;CZ3328JVHT;","
swsqltp40;Virtual;CZ3328JVJ7;","
swsqltp41;Virtual;CZ3325HKBW;","
swsqltp50;Virtual;CZ25390H5C;","
swsqltp50af;Virtual;CZ25390H5H;","
swsqltp52;Virtual;CZ25390H5H;","
swsqltq01bs;Virtual;CZ34122RMH;","
swsqltq02bs;Virtual;CZ34122RME;","
swsqltq12;Virtual;CZ34122RM8;","
swsqltq14;Virtual;CZ34122RMK;","
swsqltq16;Virtual;CZ34122RM0;","
swsqltq20;Virtual;CZ34122RMS;","
swsqltq22;Virtual;CZ34122RM8;","
swsqltq24;Virtual;CZ34122RMH;","
swsqltq26;Virtual;CZ34122RM8;","
swsqltq28;Virtual;CZ34122RM8;","
swsqltq30;Virtual;CZ34122RMH;","
swsqltq32;Virtual;CZ34122RMX;","
swsqltq34;Virtual;CZ34122RMA;","
swsqltq36;Virtual;CZ34122RM8;","
swsqltq50;Virtual;CZ25390H5M;","
swsqltq50af;Virtual;CZ25390H5F;","
swsqltr01af;Virtual;CZJ2511H1P;","
swsqltr02af;Virtual;CZJ2511H1J;","
swsqltr03bs;Virtual;CZJ2511H12;","
swsqlxd01bs;Virtual;CZ34122RMA;","
swsqlxd02bs;Virtual;CZ34122RME;","
swsqlxp01bs;Virtual;CZJ4500999;","
swsqlxp02bs;Virtual;CZJ4500996;","
swsqlxp20;Virtual;CZJ4500997;","
swsqlxp21;Virtual;CZJ2511H1J;","
swsqlxq02bs;Virtual;CZ34122RMS;","
swsqlxq20;Virtual;CZ34122RMX;","
swstbad01b21;Virtual;CZJ35106CB;","
swstbad02b21;Virtual;CZJ2511H1R;","
swstbap02b21;Virtual;CZJ2511H1F;","
swstbap04b21;Virtual;CZJ2511H1Q;","
swstbap06b21;Virtual;CZJ2390PR2;","
swstbap07b21;Virtual;CZ34122RM4;","
swstbap08b21;Virtual;CZJ2511H15;","
swstbap09b21;Virtual;CZ34122RMM;","
swstbap10b21;Virtual;CZJ35106CB;","
swstbaq01b21;Virtual;CZJ2511H1N;","
swstbaq02b21;Virtual;CZJ2511H1J;","
swstgip02;Virtual;CZJ450098W;","
swsvnfp01;Virtual;CZJ4500994;","
swtfsap01;Virtual;CZJ4500993;","
swtfsap02;Virtual;CZ34122RM4;","
swtivfp20;Virtual;CZ34122RMV;","
swtivfp21;Virtual;CZJ2511H14;","
swtivfp22;Virtual;CZ34122RMC;","
swtmpfp01;Virtual;CZ34122RM4;","
swtmpfq01;Virtual;CZJ35106CB;","
swtmpip01;Virtual;CZ25390H5M;","
swtmpip02;Virtual;CZJ4500995;","
swtmpiq01;Virtual;FCH21367NN2;","
swtmpiq02;Virtual;CZJ450098X;","
swtmpxc03;Virtual;CZJ35106CB;","
swtroxd01;Virtual;CZ34122RMA;","
swtw4wp01;Virtual;CZ34122RLX;","
swtw4wp02;Virtual;CZJ2511H10;","
swtw4wp03;Virtual;CZ34122RM4;","
swtw4wp04;Virtual;CZJ2511H10;","
swtw4wq01;Virtual;CZ34122RMA;","
swtw4wq02;Virtual;CZJ2511H1K;","
swtw4wq03;Virtual;CZ34122RMS;","
swtw4wq04;Virtual;CZJ2511H1L;","
swvarfp01;Virtual;CZJ4500993;","
swvarfp02;Virtual;CZ34122RLK;","
swvarfp03;Virtual;CZJ450098W;","
swvumip03;Virtual;CZ3451KPN3;","
swwasic01;Virtual;CZJ2511H1K;","
thething;Virtual;CZ25390H5J;","
tit-tro-prod;Virtual;CZ34122RMP;","
tw3ap1pdr;Virtual;CZ3328JVHT;","
tw3ap1qdr;Virtual;CZJ35106CB;","
tw3ap2pdr;Virtual;CZ3325HKBW;","
tw3ap2qdr;Virtual;CZJ2390PR9;","
tw3ap3pdr;Virtual;CZ3325HKBW;","
tw3ap4pdr;Virtual;CZ3325HKBW;","
tw3db1p;Virtual;CZ3328JVHY;","
tw3db1pdr;Virtual;CZ3325HKC1;","
tw3db1q;Virtual;CZ3328JVJB;","
tw3db1qdr;Virtual;CZJ2390PR5;","
twin2012sqlv1;Virtual;CZ34122RME;","
univmaxpa161;Virtual;CZ34122RM6;","
wfapdlp05;Virtual;;","
wfdbplp03;Virtual;;","
wfdbqlp07;Virtual;;","
wfmqplp04;Virtual;;","
wfwsplp01;Virtual;;","
wfwsplp02;Virtual;;","
wfwsqlp06;Virtual;;","
swmfsip60rc;Virtual;FCH213973ZK;","
henetbl01s1;Fisica;CZ25390H5G;","
henetbl01s3;Fisica;CZJ450098Z;","
henetbl02s1;Fisica;CZ25390H5N;","
henetbl02s3;Fisica;CZJ4500995;","
henetbl03s1;Fisica;CZ25390H5F;","
henetbl03s3;Fisica;CZJ450099F;","
henetbl04s1;Fisica;CZ25390H5L;","
henetbl05s1;Fisica;CZ25390H5D;","
henetbl05s3;Fisica;CZJ450099G;","
henetbl06s1;Fisica;CZ25390H5H;","
henetbl06s3;Fisica;CZJ4500991;","
henetbl07s1;Fisica;CZ25390H5K;","
henetbl08s1;Fisica;CZ25390H5C;","
henetbl09s1;Fisica;CZ25390H5J;","
henetbl10s1;Fisica;CZ25390H5M;","
swmfsiq81;Virtual;06M4091;","
lxibfdp1;Virtual;06T8142;","
swjmpap2;Virtual;06M4092;","
swjmpap1;Virtual;06T8148;","
lxjmpap1;Virtual;06D3963;","
swsqltp82;Virtual;06T8142;","
henetbl04s3;Fisica;CZJ450098X;","
lxbfidp1;Virtual;06T8068;","
lxbfidt1;Virtual;06T8142;","
lxibfdt1;Virtual;06M4091;","
lxjmpap2;Virtual;689027;","
s-alfvvcp-s01;Virtual;06M4091;","
s-ibfrp-s01;Virtual;06M4091;","
s-ibfrt-s01;Virtual;06T8142;","
s-ipwinp-s01;Virtual;689040;","
s-ipwinp-s02;Virtual;689037;","
salfvmwps01;Fisica;06T8142;","
salfvmwps02;Fisica;06T8139;","
salfvmwps03;Fisica;06V0102;","
salfvmwps04;Fisica;06T8148;","
salfvmwps05;Fisica;06M4091;","
salfvmwps06;Fisica;06M4092;","
salfvmwps07;Fisica;06T8068;","
salfvmwps20;Fisica;06D3963;","
salfvmwps21;Fisica;06D3994;","
salfvmwps22;Fisica;06ZDFG4;","
salfvmwps23;Fisica;689040;","
salfvmwps24;Fisica;689034;","
salfvmwps25;Fisica;689041;","
salfvmwps26;Fisica;06D3961;","
salfvmwps27;Fisica;689042;","
salfvmwps28;Fisica;06M4100;","
salfvmwps29;Fisica;689038;","
salfvmwps30;Fisica;689031;","
salfvmwps31;Fisica;646575;","
salfvmwps32;Fisica;06X6492;","
salfvmwps33;Fisica;06YGGK2;","
salfvmwps34;Fisica;06ZDFF9;","
salfvmwps35;Fisica;06ZDFG0;","
salfvmwps36;Fisica;06ZDFG2;","
salfvmwps37;Fisica;06ZDFG5;","
salfvmwps38;Fisica;06ZDFG3;","
salfvmwps39;Fisica;06ZDPZ6;","
salfvvcps02;Virtual;06T8068;","
sgsvmwdr01;Fisica;06T8062;","
slelktrap80;Virtual;06V0102;","
slelktrap81;Virtual;06T8148;","
slkdrap80;Virtual;06YGGK2;","
slkdraq80;Virtual;06V0102;","
slkdrdbp80;Virtual;06ZDFF9;","
slkdrdbq80;Virtual;06T8148;","
sncivmwps04;Fisica;FCH21377K07;","
sncivmwps07;Fisica;FCH21367NN2;","
sncivmwps08;Fisica;FCH21397663;","
sncivmwps11;Fisica;FCH21377H1A;","
sncivmwps13;Fisica;689027;","
sncivmwps14;Fisica;689037;","
swadsip81;Virtual;06T8068;","
swadsip90;Virtual;06M4091;","
swadsip91;Virtual;06T8142;","
swadsiq85;Virtual;06T8148;","
swcapad81;Virtual;06T8142;","
swcapap80;Virtual;06T8148;","
swcapap82;Virtual;06T8148;","
swcapaq80;Virtual;06T8139;","
swcapaq81;Virtual;06M4091;","
swcapaq82;Virtual;06M4091;","
swcsdad80;Virtual;06T8139;","
swcsdad81;Virtual;06T8142;","
swcsdad82;Virtual;06T8139;","
swcsdwd80;Virtual;06M4091;","
swcsdwd81;Virtual;06M4091;","
swdfsip81;Virtual;06M4091;","
swdfsip82;Virtual;06T8068;","
swdfsiq81;Virtual;06T8142;","
swefeap01;Virtual;06T8148;","
swepoip81;Virtual;06M4091;","
swexchiq80;Virtual;06T8142;","
swexchiq81;Virtual;06M4091;","
swftpip81;Virtual;06T8148;","
swftpip82;Virtual;06M4091;","
swftpiq81;Virtual;06T8139;","
swgdrtap80;Virtual;06YGGK2;","
swgdrtaq80;Virtual;06T8139;","
swgisaq01;Virtual;689031;","
swgpmad81;Virtual;06T8142;","
swgpmap81;Virtual;06T8148;","
swgpmaq81;Virtual;06T8139;","
swgpmwp81;Virtual;06T8142;","
swhatsap1;Virtual;06T8139;","
swhatsap2;Virtual;06M4091;","
swhatsaq1;Virtual;06T8142;","
swiiswp80;Virtual;06T8148;","
swiiswp81;Virtual;06M4091;","
swiiswp82;Virtual;06M4091;","
swiiswp83;Virtual;06T8142;","
swiiswq80;Virtual;06T8139;","
swiiswq81;Virtual;06T8148;","
swiiswq82;Virtual;06T8139;","
swiiswq83;Virtual;06T8139;","
swimpad01;Virtual;06T8142;","
swimpap01;Virtual;06T8068;","
swinaap1;Virtual;06T8148;","
swkmsap1;Virtual;06M4091;","
swmcsip81;Virtual;06T8139;","
swmfsip81;Virtual;06T8142;","
swmfsip82;Virtual;06T8142;","
swnssd80;Virtual;06T8148;","
swopibmp1;Virtual;06T8148;","
swopibmp2;Virtual;06T8142;","
swqprap80;Virtual;06M4091;","
swqpraq80;Virtual;06T8148;","
swrsktap1;Virtual;06V0102;","
swseiwp80;Virtual;06T8148;","
swseiwq80;Virtual;06T8139;","
swsfrap01;Virtual;06YGGK2;","
swsfrap02;Virtual;06ZDFF9;","
swsfrap03;Virtual;06YGGK2;","
swsfrap04;Virtual;06ZDFF9;","
swshkap80;Virtual;06V0102;","
swshkap81;Virtual;06M4091;","
swshkaq80;Virtual;06T8139;","
swshkaq81;Virtual;06T8139;","
swshkaq82;Virtual;06T8139;","
swshkaq83;Virtual;06T8142;","
swsqltd80;Virtual;06T8148;","
swsqltd81;Virtual;06V0102;","
swsqltd83;Virtual;06V0102;","
swsqltp80;Virtual;06M4091;","
swsqltp81;Virtual;06T8139;","
swsqltp83;Virtual;06T8142;","
swsqltp84;Virtual;06T8142;","
swsqltp85;Virtual;06T8142;","
swsqltp86;Virtual;06T8142;","
swsqltp87;Virtual;06T8139;","
swsqltq80;Virtual;06T8139;","
swsqltq81;Virtual;06T8142;","
swsqltq83;Virtual;06T8142;","
swsqltq84;Virtual;06T8142;","
swsqltq85;Virtual;06V0102;","
swtpcap1;Virtual;06V0102;","
SW000053;Virtual;06ZDFG0;","
sw000087;Virtual;FCH213976B1;","
SW000105;Virtual;CZJ450099F;","
SW000132;Virtual;CZ25390H5J;","
sl000055;Virtual;CZ36505L38;","
sl000053;Virtual;FCH21377JS2;","
sl000054;Virtual;FCH21377JS2;","
sloavdp3;Virtual;CZ3325HKC5;","
NBSPP01;Virtual;06V0102;","
s-licsrv-s01;Virtual;CZ23510BG3;","
S-SBLWASD-S01;Virtual;689040;","
S-SMDTSP-S02;Virtual;06M4100;","
S-WF01Q-S01;Virtual;689040;","
shaemap1;Virtual;;","
shaemap2;Virtual;;","
shexbap1_dr;Virtual;;","
shguiap1;Virtual;;","
SL000001;Virtual;06M4091;","
SL000002;Virtual;06M4092;","
SL000003;Virtual;06T8148;","
SL000007;Virtual;06T8148;","
SL000008;Virtual;06M4092;","
SL000025;Virtual;06M4092;","
SL000026;Virtual;06T8142;","
SL000027;Virtual;06T8142;","
SL000031;Virtual;06T8142;","
SL000032;Virtual;06M4091;","
SL000049;Virtual;06M4092;","
sl000056;Virtual;CZ3328JVHY;","
sl000057;Virtual;CZ3325HKC5;","
sl000058;Virtual;CZ23510BG3;","
sl000062;Virtual;FCH212675BL;","
sl000063;Virtual;FCH21377JVV;","
sl000064;Virtual;CZ25390H5K;","
sl000065;Virtual;CZ25390H5G;","
sl000066;Virtual;CZ25390H5H;","
sl000067;Virtual;CZ25390H5H;","
SL000068;Virtual;06T8068;","
sl000069;Virtual;06T8139;","
SL000070;Virtual;06M4092;","
SL000071;Virtual;06M4091;","
SL000072;Virtual;06T8068;","
SL000073;Virtual;06T8139;","
SL000074;Virtual;06M4092;","
SL000075;Virtual;06T8068;","
SL000076;Virtual;06M4092;","
SL000077;Virtual;06T8148;","
sl000078;Virtual;FCH21367NN2;","
sl000079;Virtual;FCH21377JVV;","
SL000080;Virtual;06ZDFG2;","
SL000086;Virtual;646575;","
SL000087;Virtual;06D3963;","
SL000088;Virtual;689040;","
SL000089;Virtual;689040;","
SL000090;Virtual;689038;","
SL000091;Virtual;689040;","
SL000092;Virtual;06X6492;","
SL000093;Virtual;06D3994;","
SL000094;Virtual;646575;","
SL000095;Virtual;06D3961;","
SL000096;Virtual;06M4100;","
SL000097;Virtual;06D3961;","
SL000104;Virtual;06ZDPZ6;","
SL000105;Virtual;06ZDFG3;","
slacdap01;Virtual;CZ34122RM4;","
slesrad01;Virtual;CZ3328JVJ7;","
SSRM01;Virtual;06ZDFF9;","
SW000001;Virtual;06T8142;","
SW000002;Virtual;CZJ450098X;","
SW000003;Virtual;06M4091;","
SW000004;Virtual;06M4091;","
SW000007;Virtual;06T8068;","
SW000008;Virtual;06M4091;","
SW000025;Virtual;06M4091;","
SW000026;Virtual;06T8142;","
SW000027;Virtual;06M4091;","
SW000031;Virtual;06M4091;","
SW000032;Virtual;06T8142;","
SW000049;Virtual;06M4091;","
SW000050;Virtual;06M4091;","
SW000051;Virtual;06T8142;","
SW000052;Virtual;06T8148;","
SW000054;Virtual;06T8142;","
SW000057;Virtual;06T8142;","
SW000058;Virtual;06T8142;","
SW000059;Virtual;06T8139;","
SW000060;Virtual;06T8148;","
SW000061;Virtual;06ZDFG3;","
SW000062;Virtual;06M4091;","
SW000065;Virtual;06V0102;","
SW000067;Virtual;06V0102;","
SW000068;Virtual;06M4091;","
SW000069;Virtual;06T8148;","
SW000070;Virtual;06M4091;","
SW000071;Virtual;06T8148;","
SW000072;Virtual;06T8139;","
sw000073;Virtual;CZ3328JVJ7;","
sw000074;Virtual;CZJ2390PR5;","
sw000075;Virtual;FCH213976B1;","
sw000076;Virtual;CZJ450099G;","
sw000077;Virtual;CZJ450098Z;","
SW000078;Virtual;06T8139;","
SW000079;Virtual;06T8068;","
SW000080;Virtual;06M4091;","
SW000081;Virtual;06M4091;","
SW000082;Virtual;06ZDFG3;","
sw000083;Virtual;CZ3328JVJ7;","
sw000084;Virtual;CZJ2511H1F;","
sw000085;Virtual;FCH213976B1;","
sw000086;Virtual;CZJ450099G;","
SW000088;Virtual;06M4091;","
SW000089;Virtual;06M4092;","
SW000090;Virtual;06ZDFF9;","
SW000091;Virtual;06M4091;","
SW000092;Virtual;06M4091;","
SW000093;Virtual;06T8148;","
SW000094;Virtual;06T8068;","
SW000095;Virtual;06ZDFG0;","
SW000096;Virtual;06M4092;","
SW000097;Virtual;06T8139;","
SW000098;Virtual;689038;","
SW000099;Virtual;06M4100;","
SW000102;Virtual;CZJ450098Z;","
SW000106;Virtual;689031;","
SW000108;Virtual;06X6492;","
SW000112;Virtual;CZJ450099G;","
SW000123;Virtual;689031;","
SW000125;Virtual;06D3963;","
SW000127;Virtual;06D3963;","
SW000131;Virtual;CZ25390H5F;","
SWBNFWP01BS;Virtual;689042;","
SWBNFWQ01BS;Virtual;689040;","
SWDCNMAP1;Virtual;06M4091;","
SWGISAP01;Virtual;689042;","
SWGISAP02;Virtual;689031;","
SWGISAQ02;Virtual;689031;","
swiiswd11;Virtual;CZ3328JVJF;","
SWIMPAQ01;Virtual;06T8148;","
swintdm01s3;Virtual;CZJ35106CF;","
swintdm02s3;Virtual;CZ3328JVHT;","
SWMSTAP01;Virtual;06M4100;","
SWMSTAQ01;Virtual;646575;","
SWSFRAP05;Virtual;06ZDFF9;","
swspbad01;Virtual;CZ3328JVHY;","
swsqltq10;Virtual;CZ34122RM6;","
sw000133;Virtual;CZJ35106CF;","
S-EXCP-V02;Virtual;06YGGK2;","
S-EXCP-V03;Virtual;06ZDFF9;","
SGSVVCPS01;Virtual;06T8062;","
SL000084;Virtual;06M4091;","
SL000098;Virtual;689040;","
SL000102;Virtual;06D3961;","
SL000103;Virtual;06D3963;","
SL000106;Virtual;CZJ4500995;","
SLELKTRAR90;Virtual;06T8062;","
SSRM02;Virtual;06T8062;","
sw000104;Virtual;CZ25390H5K;","
swbloap01af;Fisica;CZ3351WW2Y;","
sl000081;Virtual;CZ3328JVJB;","
sl000082;Virtual;CZ3328JVJB;","
sl000083;Virtual;CZ3328JVHY;","
sl000107;Virtual;CZ25390H5G;","
sw000100;Virtual;CZ23510BG3;","
sw000101;Virtual;CZ23510BG3;","
sw000107;Virtual;CZ3328JVJB;","
sw000109;Virtual;CZJ2511H1G;","
sw000110;Virtual;CZJ4500991;","
sw000111;Virtual;CZ25390H5H;","
sw000113;Virtual;CZ3328JVJF;","
sw000114;Virtual;CZ3325HKC5;","
sw000115;Virtual;CZJ4500995;","
sw000116;Virtual;CZJ450099G;","
sw000117;Virtual;CZ25390H5K;","
sw000118;Virtual;CZ25390H5G;","
sw000119;Virtual;CZJ450099G;","
sw000121;Virtual;CZ25390H5G;","
sw000124;Virtual;CZ3328JVHY;","
sw000126;Virtual;CZ3328JVJ7;","
sw000138;Virtual;CZ3328JVJF;","
sl000108;Virtual;FCH21377JS2;","
sl000109;Virtual;FCH21377JS2;","
sw000139;Virtual;FCH21377JS2;","
ALONIIP01;Virtual;CZ34122RME;","
sl000050;Virtual;CZ3328JVJ7;","
sl000112;Virtual;CZ25390H5L;","
sl000113;Virtual;CZ25390H5M;","
sl000114;Virtual;CZJ2511H14;","
sl000115;Virtual;CZ25390H5J;","
sl000116;Virtual;CZ25390H5J;","
sl000117;Virtual;CZ25390H5J;","
sl000118;Virtual;CZ25390H5J;","
sl000119;Virtual;CZ25390H5C;","
sl000120;Virtual;CZ25390H5J;","
sl000121;Virtual;CZ25390H5J;","
sl000122;Virtual;CZ25390H5J;","
sl000123;Virtual;CZ25390H5C;","
sl000124;Virtual;CZ25390H5M;","
sl000125;Virtual;CZ25390H5J;","
sl000126;Virtual;CZ25390H5J;","
sl000127;Virtual;CZ25390H5J;","
sl000128;Virtual;CZ25390H5J;","
sl000129;Virtual;CZ25390H5J;","
sl000130;Virtual;CZ25390H5M;","
sl000131;Virtual;CZ25390H5H;","
sl000132;Virtual;CZ25390H5C;","
sl000133;Virtual;CZ25390H5G;","
sl000134;Virtual;CZ25390H5J;","
sl000135;Virtual;CZ25390H5D;","
sliprfp01;Virtual;CZ34122RMH;","
SNCIBKP01;Virtual;FCH21377K07;","
SNCIBKS01;Virtual;FCH21367NN2;","
sw000103;Virtual;CZJ35106CF;","
sw000128;Virtual;CZJ2511H12;","
sw000129;Virtual;CZ3328JVJ3;","
sw000130;Virtual;CZ23510BG3;","
sw000134;Virtual;CZJ2511H1L;","
sw000135;Virtual;CZ3328JVJF;","
sw000136;Virtual;CZ34122RMK;","
sw000137;Virtual;CZ34122RM6;","
sw000140;Virtual;CZ25390H5J;","
sw000141;Virtual;CZ3328JVJF;","
sw000142;Virtual;CZ3328JVJF;","
sw000143;Virtual;CZ3328JVJ7;","
sw000144;Virtual;CZ3325HKBW;","
sw000145;Virtual;CZ3328JVHT;","
sw000146;Virtual;CZ34122RLX;","
swdnsic01;Virtual;CZ34122RMX;","
swxxiac01;Virtual;CZJ35106CF;","
S-CSQL07P-S01;Virtual;06ZDFF9;","
ALAPIGWIQ1;Virtual;CZ3328JVJ7;","
ALAPIMGTIQ1;Virtual;CZ3328JVJ7;","
ALAPIPRTLIQ1;Virtual;CZ3328JVJ7;","
pt01dc01nb;Virtual;FCH213973ZK;","
pt01ivc01nb;Virtual;FCH21377JS2;","
pt01ivc01nb-peer;Virtual;FCH213976U1;","
pt01zvc01nb;Virtual;FCH212675BL;","
pt01zvc01nb-peer;Virtual;FCH213976B1;","
pt01zvc01nb-witness;Virtual;FCH21377JVV;","
sl000136;Virtual;CZ25390H5D;","
sl000137;Virtual;CZ25390H5D;","
sl000138;Virtual;CZ25390H5D;","
sl000139;Virtual;CZ25390H5D;","
sl000140;Virtual;CZ25390H5K;","
sw000150;Virtual;CZJ2511H1L;","
sw000151;Virtual;CZ34122RLS;","
sw000152;Virtual;CZ34122RLS;","
sw000155;Virtual;CZ34122RMX;","
pt01ivc01nb-witness;Virtual;FCH213976C4;","
ALISE02;Virtual;CZJ35106CF;","
slrundk1;Virtual;CZJ35106CC;","
SNCIBKS02;Virtual;CZJ450098W;","
sw000056;Virtual;CZ23510BG3;","
sw000064;Virtual;CZ34122RM0;","
sw000148;Virtual;CZ3328JVJF;","
sw000149;Virtual;CZ3325HKC5;","
sw000153;Virtual;CZ3328JVJ3;","
SW000154;Virtual;06M4091;","
sw000174;Virtual;CZ3328JVJF;","
sw000175;Virtual;CZ3328JVJF;","
sw000176;Virtual;CZ3328JVJB;","
sw000177;Virtual;CZ3328JVJB;","
SW000178;Virtual;689038;","
sw000179;Virtual;CZ34122RLH;","
sw000180;Virtual;CZ34122RLS;","
sl000170;Virtual;FCH23047B9W;","
sl000171;Virtual;FCH23047B9W;","
sl000172;Virtual;FCH23047B9W;","
NBNMS;Virtual;FCH230570V0;","
pt02ivc01nb;Virtual;FCH230475P7;","
pt02ivc01nb-peer;Virtual;FCH230570V0;","
pt02ivc01nb-witness;Virtual;FCH230570ZL;","
pt02zvc01nb;Virtual;FCH23047B9W;","
pt02zvc01nb-peer;Virtual;FCH230571K2;","
pt02zvc01nb-witness;Virtual;FCH23047BUK;","
sl000151;Virtual;FCH23047B9W;","
sl000152;Virtual;FCH23047B9W;","
sl000153;Virtual;FCH23047B9W;","
sl000155;Virtual;FCH23047B9W;","
sl000156;Virtual;FCH23047B9W;","
sl000157;Virtual;FCH23047B9W;","
sl000158;Virtual;FCH23047B9W;","
sl000159;Virtual;FCH23047B9W;","
sl000160;Virtual;FCH23047B9W;","
sl000161;Virtual;FCH23047B9W;","
sl000162;Virtual;FCH23047B9W;","
sl000163;Virtual;FCH23047B9W;","
sl000164;Virtual;FCH23047B9W;","
sl000168;Virtual;FCH23047B9W;","
sl000169;Virtual;FCH23047B9W;","
sl000173;Virtual;FCH23047B9W;","
sl000174;Virtual;FCH23047B9W;","
sl000175;Virtual;FCH23047B9W;","
sl000176;Virtual;FCH23047B9W;","
sl000177;Virtual;FCH23047B9W;","
SL000233;Virtual;FCH21377JS2;","
sl000234;Virtual;CZ3325HKBW;","
sl000235;Virtual;CZ3325HKBW;","
SL000237;Virtual;FCH21377JS2;","
SL000232;Virtual;FCH213973ZK;","
sw000147;Virtual;CZJ2511H1R;","
SW000181;Virtual;FCH230475P7;","
SW000182;Virtual;FCH230570V0;","
SW000183;Virtual;FCH230570V0;","
SW000184;Virtual;FCH230475P7;","
SW000185;Virtual;06M4100;","
SW000200;Virtual;FCH230570V0;","
SW000204;Virtual;FCH21377JS2;","
SW000205;Virtual;FCH21377JS2;","
SNCIBKP02;Virtual;FCH21377JS2;","
SL000251;Virtual;689034;","
SL000250;Virtual;689031;","
SALFBKS04;Virtual;FCH230570ZL;","
alapigwop1;Virtual;FCH212675BL;","
alapigwop2;Virtual;FCH23047BUK;","
alapimgtop1;Virtual;FCH213976U1;","
alapimgtop2;Virtual;FCH230475P7;","
alapiprtlop1;Virtual;FCH212675BL;","
pt01iex001nb;Fisica;FCH213973ZK;","
pt01iex002nb;Fisica;FCH21377JS2;","
pt01iex003nb;Fisica;FCH213976U1;","
pt01iex004nb;Fisica;FCH213976C4;","
pt01zex001nb;Fisica;FCH212675BL;","
pt01zex002nb;Fisica;FCH213976B1;","
pt01zex003nb;Fisica;FCH21377JVV;","
pt01zex004nb;Fisica;FCH2305712W;","
pt01zex005nb;Fisica;FCH230475NX;","
pt02iex001nb;Fisica;FCH230475P7;","
pt02iex002nb;Fisica;FCH230570V0;","
pt02iex003nb;Fisica;FCH230570ZL;","
pt02iex004nb;Fisica;FCH23047B46;","
pt02zex001nb;Fisica;FCH23047B9W;","
pt02zex002nb;Fisica;FCH230571K2;","
pt02zex003nb;Fisica;FCH23047BUK;","
SALFBKP01;Virtual;FCH230571K2;","
SALFBKP02;Virtual;FCH23047B46;","
SALFBKS01;Virtual;FCH23047BUK;","
SALFBKS02;Virtual;FCH230571K2;","
SALFBKS03;Virtual;FCH230570ZL;","
SALFBKS05;Virtual;FCH230570ZL;","
salfvmwps40;Fisica;KQ6R2NP;","
salfvmwps41;Fisica;KQ6R2NL;","
shgdwad1;Virtual;06DD1DP;","
shgdwaq3;Virtual;06DD1DP;","
shiccad1;Virtual;06DD1DP;","
shiccaq1;Virtual;06DD1DP;","
shicmad2;Virtual;06DD1DP;","
shicmaq3;Virtual;06DD1DP;","
shmigad1;Virtual;06DD1DP;","
shondad2;Virtual;06DD1DP;","
shondaq3;Virtual;06DD1DP;","
SL000141;Virtual;FCH21377JS2;","
SL000142;Virtual;FCH213976U1;","
SL000143;Virtual;FCH213976C4;","
SL000144;Virtual;FCH213976U1;","
SL000145;Virtual;FCH21377JS2;","
sl000165;Virtual;FCH23047BUK;","
sl000166;Virtual;FCH23047BUK;","
sl000167;Virtual;FCH23047BUK;","
SL000236;Virtual;FCH213976U1;","
SL000238;Virtual;FCH213976U1;","
SL000239;Virtual;FCH21377JS2;","
SL000241;Virtual;FCH23047B46;","
SL000242;Virtual;FCH230475P7;","
SL000243;Virtual;FCH213976C4;","
SL000244;Virtual;FCH213976B1;","
SL000245;Virtual;FCH213976B1;","
SL000246;Virtual;FCH213976B1;","
SL000252;Virtual;FCH212675BL;","
SL000253;Virtual;FCH213976B1;","
SL000254;Virtual;FCH213976B1;","
sl000255;Virtual;FCH23047BUK;","
sl000256;Virtual;FCH23047B9W;","
sl000257;Virtual;FCH230571K2;","
SL000258;Virtual;FCH23047B46;","
SL000259;Virtual;FCH230570ZL;","
SL000260;Virtual;FCH23047B46;","
SL000261;Virtual;FCH23047B46;","
SL000262;Virtual;FCH230475P7;","
SL000240;Virtual;FCH213976C4;","
SNCIBKS06;Virtual;FCH21377JS2;","
sw000206;Virtual;FCH230475P7;","
sw000207;Virtual;FCH230570ZL;","
sw000208;Virtual;FCH23047B46;","
SW000209;Virtual;FCH23047B46;","
sw000210;Virtual;FCH230475P7;","
SW000211;Virtual;FCH230475P7;","
SW000212;Virtual;FCH230570V0;","
SW000215;Virtual;FCH230570V0;","
SW000216;Virtual;FCH23047B46;","
SW000217;Virtual;FCH230570V0;","
SNCIBKS05;Virtual;FCH213976C4;","
SWDFSIP03BS;Virtual;FCH230475P7;","
SWDFSIP04BS;Virtual;FCH230570ZL;","
SWMFSIP06BS;Virtual;FCH230570ZL;","
SWMFSIP07BS;Virtual;FCH230570ZL;","
SWMFSIP08BS;Virtual;FCH23047B46;","
SWMFSIP09BS;Virtual;FCH23047B46;","
SWMFSIP10BS;Virtual;FCH23047B46;","
SL000280;Virtual;FCH213976C4;","
SL000281;Virtual;FCH213976C4;","
SL000279;Virtual;FCH213973ZK;","
SL000283;Virtual;FCH213976U1;","
SL000284;Virtual;FCH213976C4;","
SL000286;Virtual;FCH230570ZL;","
SNCIBKS07;Virtual;FCH213976C4;","
SNCIBKS08;Virtual;FCH21377JS2;","
SL000282;Virtual;FCH213973ZK;","
SNCIBKS09;Virtual;FCH213976U1;","
SNCIBKS11;Virtual;FCH21377JS2;","
SW000221;Virtual;FCH213976B1;","
SW000223;Virtual;FCH23047B9W;","
SW000226;Virtual;FCH213973ZK;","
SW000227;Virtual;FCH230570V0;","
SNCIBKS10;Virtual;FCH213973ZK;","
sl000297;Virtual;FCH21377JS2;","
SL000292;Virtual;FCH230475P7;","
SL000293;Virtual;FCH230570ZL;","
SL000295;Virtual;FCH230570ZL;","
pt01ivra01nb;Virtual;FCH213976U1;","
SL000298;Virtual;CZJ2511H1L;","
sl000299;Virtual;CZ34122RMS;","
SL000300;Virtual;CZJ2511H1L;","
SW000186;Virtual;FCH230570ZL;","
SW000187;Virtual;FCH230570V0;","
SW000188;Virtual;FCH23047B46;","
SW000189;Virtual;FCH23047B46;","
SW000190;Virtual;FCH230570V0;","
SW000225;Virtual;FCH23047BUK;","
SW000229;Virtual;FCH230571K2;","
SW000230;Virtual;FCH212675BL;","
SW000231;Virtual;FCH212675BL;","
SW000232;Virtual;FCH212675BL;","
SW000233;Virtual;FCH212675BL;","
SW000234;Virtual;FCH230570V0;","
SW000235;Virtual;FCH23047B46;","
SW000236;Virtual;FCH230570V0;","
SW000237;Virtual;FCH213976U1;","
SW000238;Virtual;FCH23047B46;","
SW000260;Virtual;FCH213976C4;","
SW000261;Virtual;FCH230570ZL;","
pt01isrm01nb;Virtual;FCH213973ZK;","
pt01zsrm01nb;Virtual;FCH212675BL;","
pt01zvra01nb;Virtual;FCH21377JVV;","
pt02isrm01nb;Virtual;FCH230475P7;","
pt02ivra01nb;Virtual;FCH230570ZL;","
pt02zsrm01nb;Virtual;FCH230571K2;","
pt02zvra01nb;Virtual;FCH23047BUK;","
salfbko01;Virtual;FCH230570ZL;","
salfbko02;Virtual;FCH23047B9W;","
SL000307;Virtual;FCH213973ZK;","
SL000312;Virtual;FCH230570ZL;","
SL000313;Virtual;FCH230475P7;","
SL000316;Virtual;FCH213976C4;","
SL000318;Virtual;FCH23047B46;","
SL000319;Virtual;FCH230475P7;","
SL000320;Virtual;FCH213973ZK;","
SL000321;Virtual;FCH213973ZK;","
SW000239;Virtual;FCH213973ZK;","
SW000240;Virtual;FCH213976C4;","
SW000241;Virtual;FCH23047B46;","
SW000242;Virtual;FCH23047B46;","
SW000243;Virtual;FCH213973ZK;","
SW000244;Virtual;FCH213976C4;","
SW000245;Virtual;FCH230475P7;","
SW000246;Virtual;FCH23047B46;","
SW000247;Virtual;FCH23047B46;","
SW000248;Virtual;FCH230570ZL;","
SW000250;Virtual;FCH230570ZL;","
SW000251;Virtual;FCH213976C4;","
SW000252;Virtual;FCH213976C4;","
SW000253;Virtual;FCH230570ZL;","
SW000254;Virtual;FCH23047B46;","
SW000255;Virtual;FCH23047B46;","
SW000256;Virtual;FCH230570ZL;","
SW000257;Virtual;FCH230570ZL;","
SW000258;Virtual;FCH23047B46;","
SW000259;Virtual;FCH213976C4;","
apvcpdp02;Virtual;CZ34122RLX;","
pt02dc01nb;Virtual;FCH230570V0;","
SL000328;Virtual;FCH230570ZL;","
SL000329;Virtual;FCH213976U1;","
SL000330;Virtual;FCH230570ZL;","
SW000262;Virtual;FCH230475P7;","
SW000263;Virtual;FCH230570V0;","
SW000264;Virtual;FCH230475P7;","
SL000336;Virtual;FCH212675BL;","
SL000337;Virtual;FCH213976B1;","
SL000338;Virtual;FCH21377JVV;","
a-tsm-p-1;Virtual;06ECE0P;","
L-TSM-P-1;Fisica;06M4094;","
L-TSM-P-2;Fisica;689029;","
nbstsm06;Virtual;10A06E2;","
shgdwap4;Virtual;10A06E2;","
shgdwaq4;Virtual;06ECE0P;","
shiccap2;Virtual;10A06E2;","
shiccaq2;Virtual;10A06E2;","
shicmap4;Virtual;10A06E2;","
shicmaq2;Virtual;06ECE0P;","
shondap4;Virtual;10A06E2;","
shondaq2;Virtual;06ECE0P;","
SL000327;Virtual;FCH230571K2;","
SL000332;Virtual;FCH213976C4;","
SL000333;Virtual;FCH230475P7;","
SL000335;Virtual;FCH212675BL;","
SW000269;Virtual;FCH230570ZL;","
SW000270;Virtual;FCH21377JS2;","
SW000283;Virtual;FCH213973ZK;","
swbnfwd01;Virtual;CZ34122RMH;","
ALQVSP01;Virtual;FCH213973ZK;","
L-APP-POC-1;Virtual;FCH213976U1;","
L-CA9K-P-1;Virtual;FCH213973ZK;","
l-cc-alf01;Virtual;FCH23047B46;","
l-cc-nci01;Virtual;FCH213976C4;","
nbstsm05;Virtual;6540C5P;","
shgdwap3;Virtual;6540C5P;","
shiccap1;Virtual;6540C5P;","
shicmap3;Virtual;6540C5P;","
shondap5;Virtual;6540C5P;","
SL000340;Virtual;FCH230570V0;","
SLPOCZDT01;Virtual;FCH213976U1;","
SLPOCZDT02;Virtual;FCH213976U1;","
SW000285;Virtual;FCH213976C4;","
SW000286;Virtual;FCH213973ZK;","
SW000287;Virtual;FCH213976C4;","
SW000288;Virtual;FCH230570ZL;","
SW000291;Virtual;FCH213973ZK;","
SW000292;Virtual;FCH23047B46;","
SW000293;Virtual;FCH213973ZK;","
SW000294;Virtual;FCH23047B46;","
W-MDW-INFRA-1;Virtual;FCH230570ZL;","
SL000344;Virtual;FCH230475P7;","
SWITMVCNCIDMZ;Virtual;CZ34122RMS;","
SWITMVCNCIRI;Virtual;CZ34122RMA;","
SWITMVCALFDMZ;Virtual;CZ3328JVHT;","
SWITMVCALFRI;Virtual;CZ3325HKC1;","
SL000343;Virtual;FCH213976C4;","
SL000350;Virtual;FCH21377JS2;","
SW000277;Virtual;FCH213973ZK;","
SW000290;Virtual;FCH213973ZK;","
SL000346;Virtual;FCH213976B1;","
SL000345;Virtual;FCH230475P7;","
SL000348;Virtual;FCH23047B46;","
SL000349;Virtual;FCH230475P7;","
SW000295;Virtual;FCH230475P7;","
SW000296;Virtual;FCH23047B46;","
s-sbletlq-s01;Virtual;06ZDFG5;","
alallotap01;Virtual;FCH213976A8;","
alsascp01;Virtual;FCH213976C4;","
SL000357;Virtual;FCH213973ZK;","
SL000358;Virtual;FCH213976A8;","
SL000361;Virtual;FCH213976U1;","
SL000362;Virtual;FCH213976U1;","
SL000381;Virtual;FCH213976A8;","
SW000297;Virtual;FCH213976A8;","
SW000300;Virtual;FCH213973ZK;","
SW000302;Virtual;FCH213976C4;","
SW000304;Virtual;FCH213976U1;","
SW000306;Virtual;FCH213973ZK;","
alsaswp01;Virtual;FCH213976B1;","
SL000347;Virtual;FCH212675BL;","
SW000298;Virtual;FCH212675BL;","
ALSASCP02;Virtual;FCH23047B46;","
SALFBKS06;Virtual;FCH230570ZL;","
SALFBKS07;Virtual;FCH230570V0;","
SL000351;Virtual;FCH230570ZL;","
SL000352;Virtual;FCH230475P7;","
SL000353;Virtual;FCH230475P7;","
SL000354;Virtual;FCH230475P7;","
SL000355;Virtual;FCH230570V0;","
SL000356;Virtual;FCH23047B46;","
SL000359;Virtual;FCH230570V0;","
SL000360;Virtual;FCH230475P7;","
SL000380;Virtual;FCH23047B46;","
SL000382;Virtual;FCH23047B46;","
SW000299;Virtual;FCH230570ZL;","
SW000301;Virtual;FCH230570ZL;","
SW000303;Virtual;FCH230570ZL;","
SW000305;Virtual;FCH23047B46;","
alapmp01;Virtual;FCH23047BUK;","
ALSASWP02;Virtual;FCH230571K2;","
