Origin Scope;HW Serial number;","
PH CMS;DEH451561F;","
PH CMS;CZC7210W85;","
PH CMS;0510AN00D7;","
PH CMS;689042;","
PH CMS;DEH451561E;","
PH CMS;99E0417;","
PH CMS;689031;","
PH CMS;689041;","
PH CMS;8945CJP30208;","
PH CMS;CZJ72005400;","
IBM;DEH480248R;","
PH CMS;0806NNN05R;","
PH CMS;DEH451561H;","
PH CMS;06T8068;","
PH CMS;06D3963;","
PH CMS;06D3963;","
IBM;KDZRRTD;","
PH CMS;KDWYYZY;","
IBM;KDZRRRY;","
PH CMS;99C7996;","
PH CMS;99C8011;","
PH CMS;99C7998;","
PH CMS;99C8006;","
PH CMS;99C8002;","
PH CMS;99C8013;","
PH CMS;689031;","
PH CMS;06T8068;","
IBM;99A4686;","
PH CMS;689042;","
PH CMS;99A4690;","
PH CMS;99A4688;","
PH CMS;99D6445;","
PH CMS;99D6448;","
PH CMS;PX60919018;","
PH CMS;PX60919019;","
PH CMS;BEL0922A4X;","
PH CMS;BEL0922ABH;","
PH CMS;BEL0922A9J;","
PH CMS;0911ALE859;","
PH CMS;0911ALE858;","
PH CMS;99A4739;","
PH CMS;689040;","
PH CMS;06D3963;","
PH CMS;0926ALF2C6;","
PH CMS;0919BD028C;","
PH CMS;0926ALF2A3;","
PH CMS;0926ALF2A5;","
PH CMS;PX60915168;","
PH CMS;BEL0922A88;","
PH CMS;0911ALE859;","
PH CMS;0911ALE858;","
PH CMS;0926ALF2A5;","
PH CMS;99A5486;","
PH CMS;BEL0922A88;","
PH CMS;06D3994;","
PH CMS;689031;","
PH CMS;689031;","
PH CMS;99E2201;","
PH CMS;99E0612;","
PH CMS;99E2122;","
PH CMS;99E2109;","
PH CMS;99A4784;","
PH CMS;99E2125;","
IBM;0725TL11B6;","
IBM;0724TL40JW;","
IBM;6582AFB;","
IBM;6582AEB;","
PH CMS;06D3963;","
PH CMS;KD55H2N;","
PH CMS;KD55B4W;","
PH CMS;646575;","
PH CMS;689038;","
PH CMS;689042;","
PH CMS;06D3994;","
PH CMS;06D3963;","
PH CMS;06M4100;","
PH CMS;06D3994;","
PH CMS;689042;","
NB Cloud;CZ25390H5F;","
NB Cloud;CZ25390H5J;","
PH CMS;KD68C32;","
PH CMS;KD68C55;","
PH CMS;689041;","
PH CMS;06M4100;","
PH CMS;99E0417;","
PH CMS;KD55H2B;","
PH CMS;KD55C2Z;","
IBM;99G5639;","
PH CMS;99G4184;","
PH CMS;99G4190;","
PH CMS;KD28VGH;","
PH CMS;06X6492;","
PH CMS;06M4100;","
PH CMS;06T8148;","
PH CMS;06V0102;","
PH CMS;06M4091;","
PH CMS;06V0102;","
PH CMS;0806NNN059;","
PH CMS;689032;","
PH CMS;06XBZ97;","
PH CMS;689042;","
NB Cloud;CZ25390H5C;","
PH CMS;06X6492;","
PH CMS;646576;","
PH CMS;99E0417;","
PH CMS;99C8001;","
PH CMS;99C8022;","
PH CMS;06D3961;","
PH CMS;689038;","
IBM;06DD1DP;","
IBM;06DD1DP;","
PH CMS;689038;","
PH CMS;KD55H2A;","
PH CMS;06ZDFG4;","
PH CMS;06ZDFG4;","
IBM;689040;","
IBM;06D3961;","
PH CMS;99E0417;","
IBM;06D3994;","
PH CMS;06D3963;","
PH CMS;689040;","
PH CMS;99E0417;","
PH CMS;99E0417;","
PH CMS;06D3963;","
PH CMS;06BK231;","
PH CMS;689034;","
PH CMS;06ZDFG5;","
IBM;99E0417;","
PH CMS;06D3994;","
PH CMS;689041;","
PH CMS;06ZDFG2;","
PH CMS;689041;","
PH CMS;06ZDFG0;","
IBM;06T8142;","
IBM;06T8142;","
IBM;06T8142;","
IBM;689027;","
IBM;06D3961;","
IBM;689040;","
PH CMS;646575;","
PH CMS;99E0417;","
PH CMS;06X6492;","
PH CMS;06D3994;","
IBM;CZ3328JM6T;","
PH CMS;CZ32430J3N;","
PH CMS;CZ32430J3N;","
PH CMS;CZ32430J3N;","
PH CMS;CZ32430J3N;","
PH CMS;CZ32430J3N;","
PH CMS;CZ32430J3N;","
PH CMS;;","
PH CMS;;","
IBM;;","
PH CMS;;","
IBM;;","
IBM;;","
PH CMS;06ZDPZ6;","
PH CMS;646575;","
PH CMS;06D3963;","
PH CMS;99C8210;","
PH CMS;06ZDFG4;","
IBM;;","
PH CMS;;","
IBM;;","
IBM;;","
PH CMS;06X6492;","
NB CLoud;CZJ450098Z;","
NB CLoud;CZJ450098Z;","
NB CLoud;CZJ4500995;","
NB CLoud;CZJ4500995;","
NB CLoud;CZJ4500995;","
NB CLoud;CZJ4500995;","
NB CLoud;CZJ450099C;","
NB CLoud;CZJ4500990;","
PH CMS;06X6492;","
NB CLoud;CZJ4500996;","
NB CLoud;CZJ2390PR5;","
NB CLoud;CZJ2511H1J;","
NB CLoud;CZ34122RM2;","
PH CMS;FCH213976C4;","
NB CLoud;CZJ2511H1R;","
NB CLoud;CZJ450099D;","
NB CLoud;CZ34122RLM;","
NB CLoud;CZJ4500997;","
NB CLoud;CZJ450098Z;","
NB CLoud;CZ34122RLP;","
PH CMS;06ZDFG3;","
NB CLoud;CZ34122RM6;","
PH CMS;CZ23510BG3;","
PH CMS;CZ3328JVJB;","
NB CLoud;CZJ2511H15;","
NB CLoud;CZJ2511H1Q;","
NB CLoud;CZJ2511H12;","
NB CLoud;CZ3325HKC5;","
NB CLoud;CZJ2511H1P;","
NB CLoud;CZ25390H5D;","
NB CLoud;CZ3328JVJF;","
NB CLoud;CZ3325HKC5;","
NB CLoud;CZ34122RLV;","
PH CMS;FCH21377JS2;","
PH CMS;FCH213973ZK;","
PH CMS;FCH21377JS2;","
PH CMS;FCH21377JS2;","
PH CMS;FCH213973ZK;","
PH CMS;FCH21377JS2;","
PH CMS;FCH21377JS2;","
PH CMS;FCH21377JS2;","
PH CMS;FCH21377JS2;","
PH CMS;FCH21377JS2;","
PH CMS;FCH21377JS2;","
PH CMS;FCH213973ZK;","
PH CMS;FCH21377JS2;","
PH CMS;FCH21377JS2;","
PH CMS;FCH21377JS2;","
PH CMS;FCH21377JS2;","
PH CMS;FCH21377JS2;","
PH CMS;FCH21377JS2;","
PH CMS;FCH21377JS2;","
PH CMS;FCH213973ZK;","
PH CMS;FCH21377JS2;","
PH CMS;FCH213973ZK;","
PH CMS;FCH21377JS2;","
PH CMS;FCH21377JS2;","
PH CMS;FCH213973ZK;","
PH CMS;FCH21377JS2;","
PH CMS;FCH21377JS2;","
PH CMS;FCH21377JS2;","
PH CMS;FCH21377JS2;","
PH CMS;FCH21377JS2;","
NB CLoud;CZ23510BG3;","
NB CLoud;CZ3328JVHY;","
NB CLoud;CZJ2511H0V;","
NB CLoud;CZJ35106CC;","
NB CLoud;CZJ2511H1K;","
NB CLoud;CZ34122RM6;","
NB CLoud;CZ34122RM8;","
NB CLoud;CZ3325HKC1;","
NB CLoud;CZ34122RME;","
NB CLoud;CZ3328JVHT;","
NB CLoud;CZ34122RLP;","
NB CLoud;CZ3328JVJF;","
NB CLoud;CZ3325HKC5;","
NB CLoud;CZ34122RME;","
NB CLoud;CZ3328JVJF;","
NB CLoud;CZ3325HKC1;","
NB CLoud;CZ3325HKC1;","
NB CLoud;CZ34122RMP;","
NB CLoud;CZ3325HKBW;","
NB CLoud;CZ3328JVJF;","
NB CLoud;CZ3328JVJF;","
NB CLoud;CZ3328JVJ3;","
NB CLoud;CZ34122RM6;","
NB CLoud;CZ3325HKC5;","
NB CLoud;CZJ35106CC;","
NB CLoud;CZJ2511H1F;","
NB CLoud;CZ3325HKC5;","
NB CLoud;CZJ2511H1G;","
NB CLoud;CZ3328JVJ3;","
NB CLoud;CZ34122RMK;","
NB CLoud;CZ3328JVJ7;","
NB CLoud;CZ3328JVJ3;","
NB CLoud;CZ3328JVJ3;","
NB CLoud;CZ3325HKC1;","
NB CLoud;CZ3325HKC5;","
NB CLoud;CZ3328JVHT;","
NB CLoud;CZJ2511H12;","
NB CLoud;CZ3325HKC5;","
NB CLoud;CZJ2511H1G;","
PH CMS;FCH213976U1;","
PH CMS;FCH213973ZK;","
NB CLoud;CZ34122RMS;","
NB CLoud;CZJ2511H1K;","
NB CLoud;CZJ2390PR9;","
NB CLoud;CZJ2390PR5;","
PH CMS;FCH21377JS2;","
NB CLoud;CZJ4500997;","
NB CLoud;CZ23510BG3;","
NB CLoud;CZ3328JVJ7;","
NB CLoud;CZJ2390PR5;","
NB CLoud;CZ3325HKC5;","
NB CLoud;CZ3328JVJ3;","
NB CLoud;CZ3325HKBW;","
NB CLoud;CZ3325HKC5;","
NB CLoud;CZJ4500990;","
NB CLoud;CZ3325HKC5;","
NB CLoud;CZJ2511H1B;","
NB CLoud;CZJ2511H1J;","
PH CMS;CZ3328JVJ7;","
PH CMS;CZ3328JVJF;","
PH CMS;FCH21367NN2;","
NB CLoud;CZ3328JVJF;","
NB Cloud;CZ34122RM4;","
NB Cloud;CZJ2511H1Q;","
NB Cloud;CZ34122RM2;","
NB CLoud;CZ25390H5F;","
NB CLoud;CZ25390H5G;","
NB CLoud;CZ25390H5D;","
NB CLoud;CZ25390H5G;","
Not Manage;CZ34122RM2;","
Not Manage;CZ34122RLP;","
Not Manage;CZJ2511H1F;","
Not Manage;CZ34122RMM;","
Not Manage;CZJ2511H1Q;","
Not Manage;CZJ4500992;","
Not Manage;CZJ2390PR9;","
Not Manage;CZ34122RMM;","
Not Manage;CZJ2511H14;","
Not Manage;CZJ4500993;","
Not Manage;CZJ2511H1K;","
Not Manage;CZJ4500994;","
Not Manage;CZJ2390PR2;","
Not Manage;CZJ4500993;","
Not Manage;CZJ2511H1J;","
NB CLoud;CZ34122RMV;","
Not Manage;CZ34122RMK;","
Not Manage;CZ34122RMA;","
Not Manage;CZ34122RMH;","
Not Manage;CZJ450098W;","
Not Manage;CZ34122RMC;","
Not Manage;CZJ450099G;","
Not Manage;CZ34122RMC;","
Not Manage;CZJ2511H1R;","
Not Manage;CZ25390H5K;","
Not Manage;CZJ4500995;","
Not Manage;CZ34122RLH;","
Not Manage;CZJ2511H1R;","
Not Manage;CZJ4500994;","
Not Manage;CZ25390H5M;","
Not Manage;CZ34122RMV;","
Not Manage;CZJ2511H1G;","
Not Manage;CZ34122RMP;","
NB CLoud;SYM0700423;","
NB CLoud;SYM0500373;","
NB CLoud;SYM0700422;","
NB CLoud;SYM1101951;","
NB CLoud;;","
NB CLoud;;","
NB CLoud;;","
NB CLoud;;","
IBM;FCH21377H1A;","
IBM;FCH21377H1A;","
IBM;FCH21377H1A;","
IBM;FCH21377H1A;","
NB Cloud;CZ3451KPN3;","
IBM;FCH21377H1A;","
IBM;FCH21377H1A;","
NB Cloud;CZ25390H5J;","
NB Cloud;CZJ4500995;","
NB Cloud;CZJ2511H1R;","
Not Manage;CZ25390H5J;","
NB CLoud;CZ34122RLV;","
Not Manage;CZJ4500993;","
Not Manage;CZ34122RM4;","
IBM;H849NP1350;","
IBM;FCH21377H1A;","
IBM;H849NP1350;","
NB CLoud;CZJ2511H12;","
NB CLoud;CZJ2390PR9;","
NB Cloud;H849NP1350;","
PH CMS;FCH21377H1A;","
PH CMS;646575;","
IBM;CZ34122RMS;","
PH CMS;;","
Not Manage;CZJ35106CC;","
Not Manage;CZJ2511H1L;","
Not Manage;CZJ35106CB;","
Not Manage;CZ34122RMC;","
Not Manage;CZ34122RM4;","
Not Manage;CZJ4500994;","
IBM;06BK231;","
Not Manage;CZ34122RMK;","
Not Manage;CZ34122RLV;","
Not Manage;CZ34122RMC;","
IBM;;","
IBM;CZ34122RME;","
IBM;CZJ2511H1R;","
IBM;CZ34122RM6;","
IBM;CZJ2511H14;","
IBM;CZ34122RMS;","
IBM;CZJ2511H1J;","
IBM;CZ34122RM8;","
IBM;CZJ2511H1N;","
IBM;CZ34122RMA;","
IBM;CZJ2511H12;","
IBM;CZ34122RMX;","
IBM;CZJ2511H1L;","
IBM;CZ34122RMH;","
IBM;CZJ2511H1K ;","
IBM;CZ34122RMK;","
IBM;CZJ35106CC;","
IBM;CZ34122RM0;","
IBM;CZJ2390PR5;","
IBM;CZ34122RLX;","
IBM;CZJ35106CB ;","
IBM;CZ34122RMM;","
IBM;CZJ35106CF;","
IBM;CZ34122RLS;","
IBM;CEINTIP01S3;","
IBM;CZ34122RLK;","
IBM;CZJ2511H1F;","
IBM;CZ34122RM2;","
IBM;CZJ2511H1G ;","
IBM;CZ34122RLP;","
IBM;CZJ2511H15;","
IBM;CZ34122RM4;","
IBM;CZJ2511H0V;","
IBM;CZ34122RLH;","
IBM;CZJ2511H1B;","
IBM;CZ34122RMC;","
IBM;CZJ2390PRB;","
IBM;CZ34122RLV;","
IBM;CZJ2511H10;","
IBM;CZ34122RLM;","
IBM;CZJ2511H1Q;","
IBM;CZ34122RMP;","
IBM;CZJ2511H1P;","
IBM;CZ34122RMV;","
IBM;CZJ2390PR2;","
IBM;CZJ4500997;","
IBM;CZJ450098Y;","
IBM;CZJ450099C;","
IBM;CZJ4500990;","
IBM;CZJ450099D;","
IBM;CZJ450098W;","
IBM;CZJ4500994;","
IBM;CZJ4500992;","
IBM;CZJ4500993;","
IBM;CZJ4500999;","
IBM;CZJ4500996;","
IBM;CZ32025YP3;","
IBM;CZ32025YNF;","
IBM;CZ36505L2X;","
IBM;CZ36505L48;","
IBM;CZ36505L3X;","
IBM;CZ36505L4K;","
IBM;CZ36505L3K;","
IBM;CZ36505L38;","
IBM;CZ3328JVJ7;","
IBM;CZ3325HKC1;","
IBM;CZ3328JVHY;","
IBM;CZ3328JVHT;","
IBM;CZ3328JVJF;","
IBM;CZ3325HKBW;","
IBM;CZ3328JVJB;","
IBM;CZ3325HKC5;","
IBM;ZC3451KPMS;","
IBM;H849NP1350;","
IBM;CZ3451KPN3;","
NB CLoud;CZ25390H5G;","
IBM;06ZDFG4;","
NB CLoud;CZ25390H5K;","
IBM;;","
IBM;;","
IBM;;","
IBM;06D3963;","
IBM;689027;","
PH CMS;J32ZRHV;","
PH CMS;S40E4BL;","
PH CMS;J32ZRHW;","
PH CMS;06T8142;","
PH CMS;06T8068;","
IBM;689027;","
IBM;689027;","
NB CLoud;CZ34122RLV;","
NB Cloud;CZJ2511H1J;","
NB CLoud;CZ25390H5G;","
PH CMS;06X6492;","
IBM;;","
IBM;;","
IBM;;","
IBM;;","
PH CMS;;","
IBM;;","
IBM;;","
IBM;;","
PH CMS Not Manage;06X6492;","
PH CMS Not Manage;646575;","
PH CMS Not Manage;646575;","
PH CMS;;","
IBM;;","
IBM;;","
PH CMS;06T8139;","
PH CMS;;","
PH CMS;;","
PH CMS;;","
NB CLoud;CZJ2511H1B;","
NB CLoud;CZJ35106CC;","
PH CMS;;","
PH CMS;06BK231;","
PH CMS;06M4091;","
NB CLoud;CZJ2511H1G;","
NB CLoud;CZJ2511H1F;","
PH CMS;06M4091;","
PH CMS;646575;","
NB CLoud;CZJ2511H1B;","
PH CMS;06ZDFG0;","
PH CMS;689038;","
NB CLoud;CZJ35106CB;","
PH CMS;06D3961;","
PH CMS;06M4100;","
PH CMS;689031;","
NB CLoud;CZJ2511H1F;","
PH CMS;06X6492;","
PH CMS;646575;","
NB CLoud;CZJ2511H0V;","
IBM;689027;","
IBM;06ZDFG4;","
PH CMS;06D3994;","
PH CMS;06D3963;","
PH CMS;06M4091;","
NB CLoud;CZJ2511H1R;","
PH CMS;06T8068;","
PH CMS;06ZDFG5;","
PH CMS;06ZDPZ6;","
NB CLoud;CZJ2511H10;","
PH CMS;689034;","
PH CMS;06ZDFG3;","
PH CMS;06T8068;","
PH CMS;06ZDFG5;","
PH CMS;06T8068;","
NB CLoud;CZ3325HKBW;","
NB CLoud;CZJ2511H1Q;","
PH CMS;06T8142;","
NB CLoud;CZJ2511H1G;","
NB CLoud;CZ25390H5D;","
PH CMS;06ZDFG4;","
PH CMS;06V0102;","
PH CMS;99E0417;","
PH CMS;06X6492;","
PH CMS;06M4100;","
PH CMS;689041;","
PH CMS;689041;","
PH CMS;06D3961;","
PH CMS;06D3963;","
PH CMS;06ZDFG4;","
PH CMS;689038;","
PH CMS;06T8139;","
PH CMS;06T8142;","
PH CMS;06D3961;","
PH CMS;06M4091;","
PH CMS;646575;","
PH CMS;689034;","
PH CMS;06ZDFG4;","
PH CMS;689042;","
NB CLoud;CZ34122RM2;","
NB CLoud;CZJ35106CB;","
NB CLoud;CZJ35106CB;","
PH CMS;06T8142;","
NB CLoud;CZJ2511H15;","
PH CMS;06D3994;","
NB CLoud;CZJ2511H1Q;","
PH CMS;06D3963;","
NB CLoud;CZJ2390PR9;","
PH CMS;689040;","
PH CMS;06M4100;","
PH CMS;06D3994;","
PH CMS;06D3963;","
PH CMS;06M4100;","
PH CMS;06T8142;","
PH CMS;06T8139;","
PH CMS;06X6492;","
PH CMS;06T8139;","
PH CMS;06T8068;","
PH CMS;06ZDFG3;","
PH CMS;06T8068;","
PH CMS;06T8068;","
PH CMS;06T8068;","
NB CLoud;CZJ2511H1B;","
PH CMS;06T8139;","
NB CLoud;CZJ2511H1Q;","
PH CMS;06D3961;","
PH CMS;689042;","
PH CMS;06ZDFG4;","
PH CMS;06M4100;","
PH CMS;99E0417;","
PH CMS;06ZDFG3;","
PH CMS;06D3963;","
PH CMS;689040;","
NB CLoud;CZ34122RLK;","
NB CLoud;CZJ2390PR5;","
NB CLoud;CZJ2511H1P;","
PH CMS;06M4091;","
NB CLoud;CZ23510BG3;","
NB CLoud;CZ23510BG3;","
NB CLoud;CZ34122RMK;","
NB CLoud;CZJ2511H1N;","
NB CLoud;CZJ2511H15;","
NB CLoud;CZJ2511H0V;","
NB CLoud;CZ3328JVJB;","
NB CLoud;CZJ35106CB;","
NB CLoud;CZJ2390PR2;","
PH CMS;06M4091;","
PH CMS;06M4100;","
PH CMS;06T8139;","
NB CLoud;CZJ2511H1L;","
PH CMS;689042;","
PH CMS;06ZDFG4;","
PH CMS;06D3994;","
PH CMS;689031;","
NB CLoud;CZ3328JVJ3;","
NB CLoud;CZJ35106CC;","
PH CMS;689038;","
PH CMS;06M4100;","
NB CLoud;CZJ2390PR9;","
NB CLoud;CZJ2390PR9;","
PH CMS;06D3963;","
NB CLoud;CZ34122RMH;","
PH CMS;689042;","
PH CMS;06T8139;","
PH CMS;06ZDFG4;","
PH CMS;689042;","
PH CMS;99E0417;","
PH CMS;06ZDPZ6;","
PH CMS;06ZDPZ6;","
PH CMS;06ZDFG5;","
PH CMS;06ZDPZ6;","
NB CLoud;CZ34122RM0;","
PH CMS;646575;","
IBM;;","
PH CMS;689042;","
PH CMS;06D3963;","
PH CMS;06D3961;","
PH CMS;06V0102;","
PH CMS;06T8068;","
PH CMS;06T8142;","
PH CMS;06D3963;","
PH CMS;06ZDFG2;","
PH CMS;06T8139;","
IBM;99E0417;","
NB CLoud;CZJ2511H1Q;","
NB CLoud;CZ3328JVHY;","
NB CLoud;CZJ2511H1F;","
NB CLoud;CZ3328JVJ7;","
NB CLoud;CZ34122RM0;","
NB CLoud;CZJ2511H15;","
PH CMS;06M4091;","
NB CLoud;CZJ4500999;","
NB CLoud;CZJ450098Y;","
PH CMS;06T8142;","
PH CMS;06D3961;","
NB CLoud;CZ34122RLX;","
NB CLoud;CZ34122RM0;","
NB CLoud;CZJ2511H1P;","
PH CMS;689040;","
PH CMS;06ZDFG4;","
PH CMS;06D3963;","
PH CMS;689031;","
PH CMS;06T8142;","
NB CLoud;CZ34122RME;","
PH CMS;689038;","
PH CMS;06T8142;","
NB CLoud;CZJ2511H1G;","
NB CLoud;CZJ2511H1B;","
PH CMS;689038;","
NB CLoud;CZJ35106CB;","
PH CMS;06ZDFG5;","
PH CMS;06T8142;","
NB CLoud;CZJ2511H1N;","
NB CLoud;CZJ2390PR9;","
NB CLoud;CZJ2511H12;","
NB CLoud;CZ25390H5M;","
NB CLoud;CZ25390H5G;","
NB CLoud;CZ25390H5G;","
NB CLoud;CZ25390H5G;","
NB CLoud;CZ25390H5M;","
NB CLoud;CZ25390H5K;","
NB CLoud;CZ25390H5K;","
NB CLoud;CZ25390H5M;","
PH CMS;FCH21367NN2;","
PH CMS;06V0102;","
NB CLoud;CZJ2511H1N;","
NB CLoud;CZJ2511H1L;","
NB CLoud;CZJ2511H1P;","
PH CMS;06ZDFG3;","
PH CMS;06T8068;","
NB CLoud;CZJ450098W;","
PH CMS;689031;","
NB CLoud;CZ34122RLK;","
NB CLoud;CZ3328JVJ3;","
NB CLoud;CZJ2511H1R;","
PH CMS;06D3994;","
PH CMS;689034;","
PH CMS;06T8068;","
PH CMS;689031;","
PH CMS;06V0102;","
PH CMS;06X6492;","
PH CMS;06T8139;","
NB Cloud;CZ3328JVJF;","
NB Cloud;CZ3325HKC5;","
NB Cloud;CZ3328JVJF;","
PH CMS;06M4100;","
NB Cloud;CZ25390H5D;","
NB CLoud;CZJ2511H1G;","
PH CMS;06M4100;","
PH CMS;689038;","
NB CLoud;CZJ2511H1J;","
NB CLoud;CZJ2511H1K;","
NB CLoud;CZJ2511H10;","
PH CMS;06T8139;","
NB CLoud;CZJ2390PR9;","
PH CMS;06T8139;","
PH CMS;06D3994;","
PH CMS;06ZDFG4;","
NB CLoud;CZJ2511H1L;","
NB CLoud;CZ3328JVHT;","
NB CLoud;CZJ2511H1Q;","
NB CLoud;CZJ2511H1L;","
NB CLoud;CZJ2511H1L;","
NB CLoud;CZJ450099D;","
NB CLoud;CZJ35106CF;","
PH CMS;06D3963;","
PH CMS;06ZDFG4;","
PH CMS;06ZDFG4;","
PH CMS;06M4100;","
PH CMS;06T8142;","
NB CLoud;CZ34122RMA;","
NB CLoud;CZJ2511H15;","
IBM;689031;","
IBM;689040;","
IBM;06M4100;","
IBM;689040;","
IBM;06M4100;","
IBM;689042;","
IBM;06X6492;","
IBM;06D3963;","
IBM;689038;","
IBM;689040;","
iBM;06X6492;","
IBM;06D3961;","
IBM;06M4091;","
NB Cloud;CZ34122RLV;","
NB CLoud;CZ34122RM4;","
NB CLoud;CZJ2511H1F;","
NB CLoud;CZJ2511H1J;","
NB CLoud;CZ34122RMH;","
NB CLoud;CZ34122RME;","
NB CLoud;CZJ2511H1R;","
NB CLoud;CZJ2511H1N;","
PH CMS;06D3963;","
PH CMS;06M4091;","
PH CMS;06T8068;","
PH CMS;06M4100;","
PH CMS;06D3961;","
PH CMS;689042;","
PH CMS;06ZDFG4;","
PH CMS;689038;","
PH CMS;689031;","
PH CMS;689040;","
PH CMS;06X6492;","
PH CMS;689040;","
PH CMS;689042;","
PH CMS;06D3963;","
PH CMS;689041;","
PH CMS;689031;","
PH CMS;06ZDFG4;","
PH CMS;689034;","
PH CMS;689041;","
PH CMS;06X6492;","
PH CMS;689042;","
PH CMS;06ZDFG4;","
PH CMS;06D3994;","
PH CMS;06V0102;","
Not Manage;CZ34122RLK;","
NB CLoud;CZ34122RM4;","
PH CMS;;","
PH CMS;;","
PH CMS;;","
PH CMS;;","
PH CMS;;","
PH CMS;;","
PH CMS;;","
IBM;;","
PH CMS;;","
PH CMS;;","
PH CMS;;","
PH CMS;;","
PH CMS;;","
PH CMS;;","
PH CMS;;","
PH CMS;;","
PH CMS;;","
PH CMS;;","
PH CMS;;","
PH CMS;;","
PH CMS;;","
PH CMS;;","
PH CMS;;","
PH CMS;;","
PH CMS;;","
PH CMS;;","
PH CMS;;","
IBM;;","
IBM;;","
iBM;;","
IBM;;","
PH CMS;;","
PH CMS;;","
PH CMS;;","
PH CMS;;","
PH CMS;;","
PH CMS;;","
PH CMS;;","
PH CMS;;","
IBM;;","
IBM;;","
IBM;;","
IBM;;","
NB CLoud;CZ34122RMC;","
NB CLoud;CZ34122RMS;","
NB CLoud;CZ3328JVJB;","
NB CLoud;CZJ2511H1R;","
NB CLoud;CZ3328JVJ3;","
NB CLoud;CZJ2390PR2;","
NB CLoud;CZJ2390PR5;","
NB CLoud;CZJ4500992;","
NB CLoud;CZ34122RMK;","
NB CLoud;CZ34122RLM;","
NB CLoud;CZ3325HKC1;","
NB CLoud;CZ34122RMA;","
NB CLoud;CZJ2511H1P;","
NB CLoud;CZJ4500997;","
NB CLoud;CZJ2511H1K;","
NB CLoud;CZJ2511H0V;","
NB CLoud;CZ34122RMX;","
NB CLoud;CZJ2511H14;","
NB CLoud;;","
NB CLoud;CZJ450098W;","
NB CLoud;CZJ450099B;","
NB CLoud;;","
NB CLoud;CZ32025YP0 ;","
NB CLoud;CZ32025YNK;","
NB CLoud;CZJ2511H1H;","
NB CLoud;CZJ2511H1Q;","
NB CLoud;CZJ2511H17;","
NB CLoud;CZJ4500998;","
NB CLoud;CZJ2511H0Z;","
NB CLoud;CZJ450098V;","
NB CLoud;CZ32025YNW;","
NB CLoud;CZJ2390PR4;","
NB CLoud;CZJ2390PR5;","
Not Manage;CZ25390H5J;","
Not Manage;CZJ4500995;","
Not Manage;CZJ4500995;","
Not Manage;CZJ450098X;","
Not Manage;CZ25390H5C;","
Not Manage;CZ25390H5C;","
NB CLoud;CZ34122RMX;","
NB CLoud;CZJ450099D;","
NB CLoud;CZ34122RMH;","
NB CLoud;CZ34122RMX;","
NB CLoud;CZJ2511H1L;","
NB CLoud;CZ23510BG3;","
NB CLoud;CZ3325HKBW;","
NB CLoud;CZJ2511H1J;","
NB CLoud;CZJ450099C;","
NB CLoud;CZJ2511H1P;","
NB CLoud;CZ34122RMH;","
NB CLoud;CZJ2511H1N;","
NB CLoud;CZ25390H5J;","
NB CLoud;CZ25390H5K;","
NB CLoud;CZ25390H5G;","
NB CLoud;CZJ35106CB;","
NB CLoud;CZJ2390PR2;","
NB CLoud;CZJ2390PR5;","
NB CLoud;CZJ2511H12;","
NB CLoud;CZ34122RMX;","
NB CLoud;CZ34122RMK;","
NB CLoud;CZJ2511H1P;","
NB CLoud;CZ3328JVHT;","
NB CLoud;CZJ35106CB;","
NB CLoud;CZJ2511H1F;","
NB CLoud;CZJ2511H1L;","
NB CLoud;CZJ2511H0V;","
NB CLoud;CZJ4500990;","
NB CLoud;CZJ2511H10;","
NB CLoud;CZ25390H5H;","
NB CLoud;CZ34122RLM;","
NB CLoud;USE302S78B;","
NB CLoud;CZ34122RLM;","
NB CLoud;CZJ2390PR9;","
NB CLoud;CZ34122RM8;","
NB CLoud;CZJ35106CC;","
NB CLoud;CZ34122RMS;","
NB CLoud;CZJ35106CB;","
NB CLoud;CZ3328JVJF;","
NB CLoud;CZJ2511H1J;","
NB CLoud;CZ34122RM0;","
NB CLoud;CZ34122RM6;","
NB CLoud;CZJ2511H1L;","
PH CMS;FCH21377K07;","
PH CMS;FCH21367NN2;","
NB CLoud;CZJ450098Y;","
NB CLoud;CZ3328JVJ3;","
NB CLoud;CZJ2511H10;","
NB CLoud;CZJ2511H14;","
NB CLoud;CZ34122RLK;","
NB CLoud;CZ34122RM8;","
NB CLoud;CZJ35106CB;","
NB CLoud;;","
NB CLoud;CZJ2511H1G;","
NB CLoud;CZJ2511H10;","
NB CLoud;CZ34122RM8;","
NB CLoud;CZJ2511H12;","
NB CLoud;CZJ4500994;","
NB CLoud;CZ34122RMM;","
NB CLoud;CZ25390H5J;","
NB CLoud;CZJ450098X;","
NB CLoud;CZJ2511H10;","
NB CLoud;CZ34122RMS;","
NB CLoud;CZ34122RM6;","
PH CMS;FCH21377K07;","
NB CLoud;CZJ4500994;","
NB CLoud;CZJ4500995;","
NB CLoud;CZJ35106CC;","
NB CLoud;CZJ2511H10;","
NB CLoud;CZ23510BG2;","
NB CLoud;CZ3325HKBR;","
NB CLoud;CZ25390J3W;","
NB CLoud;CZ3325HKBW;","
PH CMS;06BK231;","
PH CMS;646576;","
NB CLoud;CZ25390H5F;","
NB CLoud;CZ34122RMH;","
NB CLoud;CZ25390H5D;","
NB CLoud;CZ25390H5D;","
PH CMS;FCH21367NN2;","
NB CLoud;CZJ2511H1P;","
NB CLoud;CZJ2511H1R;","
NB CLoud;CZJ4500994;","
NB CLoud;CZ34122RLX;","
NB CLoud;CZJ2511H12;","
NB CLoud;CZJ2511H1G;","
NB CLoud;CZ34122RM0;","
NB CLoud;CZ34122RMK;","
NB CLoud;CZJ2390PR2;","
NB CLoud;CZJ35106CB;","
NB CLoud;CZ3328JVJF;","
NB CLoud;CZJ2511H1F;","
Not Manage;CZ34122RM6;","
IBM;06T8148;","
IBM;06T8148;","
NB CLoud;CZJ2511H1F;","
NB Cloud;CZ34122RM2;","
NB CLoud;CZ34122RLP;","
NB CLoud;CZJ2390PR5;","
PH CMS;646576;","
PH CMS;06BK231;","
Not Manage;CZ34122RMC;","
Not Manage;CZJ2511H14;","
NB CLoud;CZJ2511H1F;","
NB CLoud;CZ3328JVJB;","
NB CLoud;CZ34122RM0;","
NB CLoud;CZJ2511H14;","
NB CLoud;CZ34122RMK;","
IBM;06M4091;","
IBM;06T8142;","
NB CLoud;CZ3328JVJ3;","
NB CLoud;CZJ2511H14;","
NB CLoud;CZJ2511H1L;","
NB CLoud;CZ34122RMA;","
NB CLoud;CZJ35106CC;","
NB CLoud;CZ25390H5J;","
NB CLoud;CZJ450099F;","
NB CLoud;CZ34122RLP;","
NB CLoud;CZ3328JVHY;","
NB CLoud;CZ3328JVHY;","
NB CLoud;CZJ4500999;","
NB CLoud;CZJ35106CC;","
NB CLoud;CZJ2511H1K;","
NB CLoud;CZ25390H5H;","
NB CLoud;CZJ450098Z;","
NB CLoud;CZ25390H5M;","
NB CLoud;CZJ450098Z;","
NB CLoud;CZ3328JVHY;","
NB CLoud;CZJ2511H1L;","
Not Manage;CZ34122RLX;","
Not Manage;CZJ2511H0V;","
NB CLoud;CZJ450098Y;","
NB CLoud;CZ34122RMA;","
NB CLoud;CZ3328JVJF;","
NB CLoud;CZ34122RMA;","
NB CLoud;CZ3328JVJB;","
NB CLoud;CZ3328JVJF;","
NB CLoud;CZ3328JVJB;","
NB CLoud;CZ3328JVJB;","
Not Manage;CZ34122RLS;","
NB CLoud;CZ36505L38;","
NB CLoud;CZ34122RM8;","
NB CLoud;CZ34122RMK;","
NB CLoud;CZ34122RMA;","
NB CLoud;CZ34122RMA;","
NB CLoud;CZ36505L38;","
NB CLoud;CZ36505L48;","
NB CLoud;CZ36505L3X;","
NB CLoud;CZ36505L3K;","
NB CLoud;CZJ4500992;","
NB CLoud;CZ23510BG3;","
NB CLoud;CZJ4500992;","
NB CLoud;CZ3328JVJ7;","
NB CLoud;CZJ450098W;","
NB CLoud;CZ3328JVJ7;","
NB CLoud;CZ3328JVJ3;","
NB CLoud;CZ36505L4K;","
NB CLoud;CZ36505L48;","
NB CLoud;CZ36505L2X;","
NB CLoud;CZ36505L2X;","
NB CLoud;CZ36505L4K;","
NB CLoud;CZ3328JVJF;","
NB CLoud;CZ34122RMS;","
NB CLoud;CZ3328JVJ3;","
NB CLoud;CZ34122RMX;","
NB CLoud;CZ34122RMK;","
NB CLoud;CZ34122RMX;","
NB CLoud;CZ3328JVJ7;","
NB CLoud;CZJ2511H1R;","
NB CLoud;CZJ2511H1R;","
NB CLoud;CZ25390H5L;","
NB CLoud;CZ25390H5L;","
NB CLoud;CZ25390H5L;","
NB CLoud;CZ25390H5M;","
NB CLoud;CZ25390H5M;","
NB CLoud;CZJ450099F;","
NB CLoud;CZJ450098Z;","
NB CLoud;CZJ450099F;","
NB CLoud;CZJ4500995;","
NB CLoud;CZJ450098Z;","
NB CLoud;CZ25390H5G;","
NB CLoud;CZ25390H5J;","
NB CLoud;CZ25390H5G;","
NB CLoud;CZJ450099G;","
NB CLoud;CZJ2511H1L;","
PH CMS;FCH21397663;","
PH CMS;FCH21367NN2;","
NB CLoud;CZJ450098Z;","
NB CLoud;CZ25390H5L;","
NB CLoud;CZJ450098Z;","
NB CLoud;CZJ2390PR9;","
NB CLoud;CZJ2511H1L;","
NB CLoud;CZ25390H5N;","
NB CLoud;CZ25390H5N;","
NB CLoud;CZ25390H5N;","
NB CLoud;CZ25390H5N;","
NB CLoud;CZJ4500995;","
NB CLoud;CZJ4500991;","
NB CLoud;CZJ450098X;","
NB CLoud;CZ25390H5H;","
NB CLoud;CZ25390H5J;","
NB CLoud;CZJ450098Z;","
NB CLoud;CZJ2511H1B;","
Not Manage;CZJ4500995;","
Not Manage;CZJ450098Z;","
NB CLoud;CZJ4500995;","
Not Manage;CZ25390H5D;","
Not Manage;CZ34122RLX;","
Not Manage;CZ34122RMC;","
NB CLoud;CZ23510BG3;","
NB CLoud;CZJ35106CC;","
NB CLoud;CZJ2511H1F;","
NB CLoud;CZ3328JVJF;","
NB CLoud;CZ3328JVJ3;","
NB CLoud;CZJ4500996;","
NB CLoud;CZJ2511H1Q;","
NB CLoud;CZ3325HKC5;","
NB CLoud;CZJ2511H1P;","
NB CLoud;CZ34122RME;","
NB CLoud;CZJ2511H1P;","
NB CLoud;CZ3328JVJF;","
NB CLoud;CZ3328JVHT;","
Not Manage;CZ34122RM2;","
NB CLoud;CZJ4500992;","
NB CLoud;CZJ2511H1N;","
NB CLoud;CZ34122RMH;","
NB CLoud;CZJ2511H15;","
NB CLoud;H849NP1350;","
NB CLoud;CZ34122RME;","
NB CLoud;CZJ2511H1R;","
NB CLoud;CZ34122RMH;","
NB CLoud;CZJ2511H1Q;","
NB CLoud;CZ34122RMC;","
NB CLoud;CZJ2511H14;","
NB CLoud;CZJ4500993;","
NB CLoud;CZJ2511H12;","
NB CLoud;CZ34122RMV;","
PH CMS;689038;","
IBM;06BK231;","
IBM;646576;","
NB CLoud;CZJ2511H10;","
NB CLoud;CZJ2511H1B;","
Not Manage;CZ34122RLV;","
Not Manage;CZ34122RLK;","
NB CLoud;CZ34122RLV;","
NB CLoud;CZJ2511H15;","
NB CLoud;CZ34122RMA;","
PH CMS;FCH21377H1A;","
NB CLoud;CZ34122RLK;","
NB CLoud;CZJ450098W;","
NB CLoud;CZ3328JVJF;","
NB CLoud;CZ34122RM4;","
NB CLoud;CZJ450098W;","
NB CLoud;CZ3328JVHY;","
NB CLoud;CZJ2511H1L;","
NB CLoud;CZJ4500993;","
NB CLoud;CZJ2511H10;","
NB CLoud;CZ34122RLV;","
NB CLoud;CZJ2511H1L;","
NB CLoud;CZJ2511H12;","
NB CLoud;CZ34122RM2;","
NB CLoud;CZJ2390PR9;","
NB CLoud;CZ34122RM2;","
NB CLoud;CZJ2511H1F;","
NB CLoud;CZ34122RMC;","
NB CLoud;CZJ2511H1N;","
NB CLoud;CZJ4500992;","
NB CLoud;CZJ35106CF;","
NB CLoud;CZ34122RLK;","
NB CLoud;CZJ2511H0V;","
NB CLoud;CZJ35106CC;","
NB CLoud;CZJ2511H1F;","
NB CLoud;CZ25390H5K;","
NB CLoud;CZ25390H5F;","
NB CLoud;CZJ450098X;","
NB CLoud;CZJ4500995;","
NB CLoud;CZ25390H5C;","
NB CLoud;CZ25390H5M;","
PH CMS;06T8142;","
NB CLoud;CZJ2511H1J;","
NB CLoud;CZJ2511H1F;","
NB CLoud;CZJ2511H1Q;","
NB CLoud;CZJ2511H1K;","
NB CLoud;CZ34122RM6;","
NB CLoud;CZ34122RMH;","
NB CLoud;CZ34122RM6;","
NB CLoud;CZ34122RMA;","
PH CMS;FCH21377K07;","
PH CMS;FCH21367NN2;","
NB CLoud;CZJ4500995;","
NB CLoud;CZJ4500995;","
NB CLoud;CZJ450098X;","
NB CLoud;CZJ450098X;","
PH CMS;06T8068;","
NB CLoud;CZ25390H5H;","
NB CLoud;CZJ450098X;","
NB CLoud;CZ25390H5F;","
NB CLoud;CZJ2511H1K;","
NB CLoud;CZ34122RLK;","
NB CLoud;CZJ2511H1F;","
NB CLoud;CZ34122RMH;","
NB CLoud;CZJ35106CF;","
NB CLoud;CZJ2511H1F;","
NB CLoud;CZ34122RMC;","
NB CLoud;CZJ35106CC;","
NB CLoud;CZ34122RLV;","
NB CLoud;CZJ2390PR2;","
NB CLoud;CZ34122RMS;","
NB CLoud;CZJ2511H1Q;","
NB CLoud;CZJ2511H1G;","
NB CLoud;CZJ2390PR5;","
NB CLoud;CZ34122RLK;","
NB CLoud;CZJ2511H0V;","
NB CLoud;CZ34122RM4;","
NB CLoud;CZ34122RLX;","
NB CLoud;CZ34122RMH;","
NB CLoud;CZJ450098W;","
NB CLoud;CZJ35106CB;","
NB CLoud;CZ34122RM6;","
NB CLoud;CZJ2511H1B;","
NB CLoud;CZJ450099C;","
NB CLoud;CZ34122RM0;","
NB CLoud;CZ34122RM0;","
NB CLoud;CZ34122RMP;","
NB CLoud;CZJ4500992;","
NB CLoud;CZ34122RMV;","
NB CLoud;CZJ2511H15;","
NB CLoud;CZJ4500994;","
NB CLoud;CZ25390H5L;","
NB CLoud;CZ25390H5F;","
NB CLoud;CZ25390H5L;","
NB CLoud;CZ34122RMK;","
NB CLoud;CZJ2390PR5;","
NB CLoud;CZJ2511H15;","
NB CLoud;CZJ35106CB;","
NB CLoud;CZ25390H5L;","
PH CMS;FCH21367NN2;","
NB CLoud;CZ3328JVHY;","
NB CLoud;CZJ2511H14;","
NB CLoud;CZ34122RM4;","
NB CLoud;CZJ2511H15;","
NB CLoud;CZ25390H5F;","
NB CLoud;CZJ450098Z;","
NB CLoud;CZJ2511H0V;","
NB CLoud;CZJ2511H1R;","
Not Manage;CZ34122RMC;","
Not Manage;CZ34122RMM;","
Not Manage;CZJ4500992;","
Not Manage;CZJ2511H14;","
NB CLoud;CZJ2511H1R;","
NB CLoud;CZ34122RLX;","
NB CLoud;CZJ2511H1K;","
NB CLoud;CZJ2511H1J;","
NB CLoud;CZJ2511H10;","
NB CLoud;CZJ2511H15;","
NB CLoud;CZ3325HKC5;","
NB CLoud;CZ3328JVJ3;","
NB CLoud;CZ3328JVJF;","
NB CLoud;CZ3328JVJ3;","
NB CLoud;CZ3325HKC5;","
NB CLoud;CZ3328JVJF;","
NB CLoud;CZ3325HKC5;","
NB CLoud;CZJ2511H1R;","
NB CLoud;CZJ2511H1L;","
NB CLoud;CZJ2511H1B;","
NB CLoud;CZJ2511H1K;","
NB CLoud;CZJ35106CC;","
NB CLoud;CZ34122RLX;","
NB CLoud;CZJ4500993;","
NB CLoud;CZJ2511H12;","
NB CLoud;CZJ2511H1B;","
NB CLoud;CZJ2511H1J;","
NB CLoud;CZJ2511H1P;","
NB CLoud;CZJ4500992;","
NB CLoud;CZJ2511H1B;","
NB CLoud;CZ34122RMK;","
NB CLoud;CZJ2511H1J;","
NB CLoud;CZJ2511H12;","
NB CLoud;CZJ2511H15;","
NB CLoud;CZJ2511H14;","
NB CLoud;CZJ2511H1Q;","
NB CLoud;CZJ2511H10;","
NB CLoud;CZJ2511H12;","
Not Manage;CZ34122RMC;","
Not Manage;CZJ35106CF;","
Not Manage;CZJ35106CC;","
Not Manage;CZJ2511H1K;","
NB CLoud;CZ25390H5K;","
NB CLoud;CZJ35106CC;","
NB CLoud;CZJ4500995;","
NB CLoud;CZ25390H5L;","
NB CLoud;CZ34122RME;","
NB CLoud;CZJ2511H15;","
NB CLoud;CZJ4500995;","
NB CLoud;CZ3328JVJ3;","
NB CLoud;CZJ2511H10;","
NB CLoud;CZJ35106CB;","
NB CLoud;CZJ2511H10;","
NB CLoud;CZ34122RM6;","
NB CLoud;CZ34122RLV;","
NB CLoud;CZJ4500993;","
NB CLoud;CZ34122RM4;","
NB CLoud;CZJ4500992;","
NB CLoud;CZ34122RMP;","
NB CLoud;CZJ2511H12;","
NB CLoud;CZJ450098W;","
NB CLoud;CZJ2511H1K;","
NB CLoud;CZ34122RM0;","
NB CLoud;CZJ2390PR9;","
NB CLoud;CZ34122RM2;","
NB CLoud;CZ34122RLP;","
NB CLoud;CZ34122RMA;","
NB CLoud;CZJ4500992;","
Not Manage;CZ34122RM6;","
NB CLoud;CZ34122RLX;","
NB CLoud;CZ34122RMS;","
NB CLoud;CZJ2511H12;","
NB CLoud;;","
NB CLoud;CZ23510BG3;","
NB CLoud;CZJ2511H0V;","
NB CLoud;CZ34122RME;","
NB CLoud;CZJ2511H1K;","
NB CLoud;CZJ2390PR2;","
NB CLoud;CZ25390H5M;","
NB CLoud;CZJ2511H1J;","
NB CLoud;CZ34122RME;","
NB CLoud;CZ34122RLX;","
NB CLoud;CZ34122RLV;","
NB CLoud;CZ34122RM6;","
NB CLoud;CZ25390H5L;","
NB CLoud;CZ34122RLX;","
NB CLoud;CZJ4500995;","
PH CMS;FCH21367NN2;","
Not Manage;CZJ4500993;","
Not Manage;CZ34122RLV;","
Not Manage;CZ34122RM6;","
NB CLoud;CZJ2511H10;","
NB CLoud;CZJ2511H1B;","
NB CLoud;CZJ35106CB;","
NB CLoud;CZJ35106CC;","
NB CLoud;CZ25390H5J;","
NB CLoud;CZJ450098Z;","
NB CLoud;CZJ450098X;","
NB CLoud;CZJ450099F;","
NB CLoud;CZJ2511H1R;","
NB CLoud;CZ34122RMS;","
NB CLoud;CZ25390H5G;","
NB CLoud;CZJ2511H10;","
NB CLoud;CZ25390H5K;","
NB CLoud;CZJ450098Z;","
NB CLoud;CZ34122RMM;","
NB CLoud;CZJ2511H1N;","
NB CLoud;CZ34122RLP;","
NB CLoud;CZ34122RMP;","
NB CLoud;CZJ4500992;","
NB CLoud;CZJ2511H0V;","
NB CLoud;CZJ35106CB;","
NB CLoud;CZJ35106CB;","
NB CLoud;CZ34122RM2;","
NB CLoud;CZJ35106CF;","
NB CLoud;CZ34122RMV;","
NB CLoud;CZJ35106CB;","
NB CLoud;CZ34122RMC;","
NB CLoud;CZJ2511H1N;","
NB CLoud;CZ34122RM6;","
NB CLoud;CZJ2511H1J;","
NB CLoud;CZJ2390PR9;","
NB CLoud;CZJ450099C;","
NB CLoud;CZ34122RM0;","
NB CLoud;CZJ2511H0V;","
NB CLoud;CZ34122RM4;","
NB CLoud;CZJ2511H1K;","
NB CLoud;CZ34122RM6;","
NB CLoud;CZJ2511H0V;","
NB CLoud;CZ34122RM4;","
NB CLoud;CZ34122RM4;","
NB CLoud;CZ34122RME;","
NB CLoud;CZ34122RMS;","
NB CLoud;CZJ2511H1Q;","
NB CLoud;CZ34122RLK;","
NB CLoud;CZJ4500993;","
NB CLoud;CZ25390H5M;","
NB CLoud;CZ34122RMA;","
NB CLoud;CZ3328JVJ7;","
NB CLoud;CZ3325HKBW;","
NB CLoud;CZ34122RLK;","
NB CLoud;CZ3325HKC1;","
NB CLoud;CZ34122RME;","
NB CLoud;CZJ2511H1N;","
NB CLoud;CZJ2511H1K;","
NB CLoud;CZJ4500992;","
NB CLoud;CZ3328JVHT;","
NB CLoud;CZJ4500993;","
NB CLoud;CZ3325HKBW;","
NB CLoud;CZ34122RM6;","
NB CLoud;CZJ2511H1B;","
NB CLoud;CZ3328JVHY;","
NB CLoud;CZJ2511H10;","
NB CLoud;CZ34122RLP;","
NB CLoud;CZ34122RME;","
NB CLoud;CZ34122RMX;","
NB CLoud;CZJ4500994;","
NB CLoud;CZ34122RMM;","
NB CLoud;CZ34122RM0;","
NB CLoud;CZ34122RMH;","
NB CLoud;CZ34122RMA;","
NB CLoud;CZ34122RM0;","
NB CLoud;CZ34122RM2;","
NB CLoud;CZ34122RMV;","
NB CLoud;CZ34122RMX;","
NB CLoud;CZ34122RME;","
NB CLoud;CZ34122RLK;","
NB CLoud;CZJ35106CF;","
NB CLoud;CZ34122RMA;","
NB CLoud;CZ34122RLX;","
NB CLoud;CZ34122RLP;","
NB CLoud;CZ34122RMS;","
NB CLoud;CZ34122RMA;","
NB CLoud;CZJ4500994;","
NB CLoud;CZ34122RLX;","
NB CLoud;CZ34122RMA;","
NB CLoud;CZ34122RME;","
NB CLoud;CZ34122RMK;","
NB CLoud;CZ34122RM6;","
NB CLoud;CZ3328JVJF;","
NB CLoud;CZ3328JVJB;","
NB CLoud;CZ34122RM0;","
NB CLoud;CZ34122RMX;","
NB Cloud;CZJ4500992;","
NB CLoud;CZ34122RLK;","
NB CLoud;CZ3325HKC5;","
NB CLoud;CZJ450098W;","
NB CLoud;CZ34122RMC;","
NB CLoud;CZ34122RMX;","
NB CLoud;CZ34122RM6;","
NB CLoud;CZ34122RMS;","
NB CLoud;CZ34122RMH;","
NB CLoud;CZJ35106CB;","
NB CLoud;CZJ2511H15;","
NB CLoud;CZ34122RMA;","
NB CLoud;CZJ2511H12;","
NB CLoud;CZJ2390PR2;","
NB CLoud;CZJ4500993;","
NB CLoud;CZ34122RLP;","
NB CLoud;CZ34122RM4;","
NB CLoud;CZ3328JVJ7;","
NB CLoud;CZJ2390PR2;","
NB CLoud;CZ34122RLX;","
NB CLoud;CZJ2511H14;","
NB CLoud;CZ34122RM2;","
NB CLoud;CZJ2390PR2;","
NB CLoud;CZ34122RMP;","
NB CLoud;CZJ2511H10;","
NB CLoud;CZ34122RMC;","
NB CLoud;CZJ2511H1J;","
NB CLoud;CZJ4500992;","
NB CLoud;CZJ2390PR2;","
NB CLoud;CZ25390H5K;","
NB CLoud;CZ25390H5H;","
NB CLoud;CZ25390H5H;","
NB CLoud;CZ25390H5J;","
NB CLoud;CZ25390H5L;","
NB CLoud;CZ25390H5L;","
NB CLoud;CZ25390H5M;","
NB CLoud;CZJ35106CF;","
NB CLoud;CZJ35106CB;","
NB CLoud;CZ34122RM0;","
NB CLoud;CZJ2390PR2;","
NB CLoud;CZ34122RMH;","
NB CLoud;CZJ35106CB;","
NB CLoud;CZ34122RME;","
NB CLoud;CZJ2390PR2;","
NB CLoud;CZ34122RME;","
NB CLoud;CZJ2511H1L;","
NB CLoud;CZJ2511H1L;","
NB CLoud;CZ34122RMH;","
NB CLoud;CZJ2511H0V;","
NB CLoud;CZ25390H5L;","
NB CLoud;CZ25390H5M;","
NB CLoud;CZ25390H5M;","
NB CLoud;CZ25390H5M;","
NB CLoud;CZ25390H5C;","
NB CLoud;CZ25390H5D;","
PH CMS;FCH21367NN2;","
IBM;CZJ2511H1B;","
NB CLoud;CZJ450099C;","
NB CLoud;CZJ4500990;","
NB CLoud;CZ34122RM4;","
NB CLoud;CZ34122RM4;","
NB CLoud;CZ34122RM4;","
NB CLoud;CZ34122RLV;","
PH CMS;FCH21377H1A;","
NB Cloud;H849NP1350;","
IBM;FCH21377H1A;","
NB CLoud;CZ3328JVJF;","
NB CLoud;CZJ2511H1G;","
NB CLoud;CZ34122RLV;","
NB CLoud;CZJ2511H10;","
NB CLoud;CZ34122RLH;","
NB CLoud;CZJ2511H1G;","
NB CLoud;CZ34122RMA;","
NB CLoud;CZJ2511H1N;","
NB CLoud;CZJ4500993;","
NB CLoud;CZ34122RMA;","
NB CLoud;CZJ2390PR5;","
NB CLoud;CZ34122RM4;","
NB CLoud;CZ34122RMV;","
NB CLoud;CZ25390H5D;","
NB CLoud;CZ34122RLX;","
NB CLoud;CZJ2511H1G;","
NB CLoud;CZ34122RMH;","
PH CMS;CZ34122RMP;","
NB CLoud;CZ34122RM4;","
NB CLoud;CZ34122RMV;","
NB CLoud;CZ34122RM4;","
NB CLoud;CZJ4500994;","
NB CLoud;CZ34122RMM;","
PH CMS;FCH21377JS2;","
NB CLoud;CZJ2511H1J;","
NB CLoud;CZJ2511H1L;","
NB CLoud;CZ34122RLX;","
NB CLoud;CZJ2511H1B;","
NB CLoud;CZJ2390PR9;","
NB CLoud;CZ34122RM4;","
NB CLoud;CZJ2511H1R;","
NB CLoud;CZ34122RMP;","
NB CLoud;CZ3328JVHY;","
NB CLoud;CZJ2511H1R;","
NB CLoud;CZ3328JVHY;","
NB CLoud;CZJ2511H1Q;","
NB CLoud;CZJ35106CF;","
NB CLoud;CZ34122RLP;","
NB CLoud;CZJ2511H0V;","
NB CLoud;CZJ2390PR2;","
NB CLoud;CZJ4500994;","
NB CLoud;CZJ2511H1L;","
NB CLoud;CZJ2511H1Q;","
NB CLoud;CZ34122RMM;","
NB CLoud;CZJ35106CB;","
NB CLoud;CZ34122RLP;","
NB CLoud;CZJ2390PR9;","
NB CLoud;CZJ450098W;","
NB CLoud;CZJ2511H1J;","
NB CLoud;CZ34122RLK;","
NB CLoud;CZJ2511H1F;","
NB CLoud;CZ34122RLX;","
NB CLoud;CZ34122RMM;","
NB CLoud;CZJ450098W;","
NB CLoud;CZJ4500993;","
NB CLoud;CZ34122RMV;","
PH CMS;FCH213976U1;","
PH CMS;FCH21377JS2;","
NB CLoud;CZJ2511H1K;","
NB CLoud;CZ34122RMM;","
NB CLoud;CZJ2511H1K;","
PH CMS;FCH213976U1;","
NB CLoud;CZJ2511H1L;","
NB CLoud;CZ34122RMP;","
NB CLoud;CZJ2511H12;","
NB CLoud;CZJ2390PR9;","
NB CLoud;CZJ450098W;","
NB CLoud;CZJ2511H1P;","
NB CLoud;CZ34122RM2;","
NB CLoud;CZJ2511H1G;","
NB CLoud;CZJ450098W;","
NB CLoud;CZJ2511H1R;","
PH CMS;FCH21377JS2;","
NB CLoud;CZJ2511H1R;","
NB CLoud;CZ34122RMM;","
NB CLoud;CZJ2511H1B;","
NB CLoud;CZ34122RMV;","
NB CLoud;CZJ2511H1G;","
NB CLoud;CZ34122RLV;","
NB CLoud;CZJ2511H1B;","
NB CLoud;CZ34122RMC;","
NB CLoud;CZJ2511H1Q;","
NB CLoud;CZ34122RLX;","
NB CLoud;CZJ35106CB;","
NB CLoud;CZ34122RMX;","
NB CLoud;CZJ2511H14;","
NB CLoud;CZ34122RM0;","
NB CLoud;CZJ2511H1R;","
NB CLoud;CZ34122RMS;","
NB CLoud;CZJ2511H1N;","
Not Manage;CZ34122RME;","
NB CLoud;CZJ35106CC;","
NB CLoud;CZ34122RM0;","
NB CLoud;CZ25390H5C;","
NB CLoud;CZ34122RMM;","
NB CLoud;CZJ4500993;","
PH CMS;FCH21367NN2;","
NB CLoud;CZJ2511H1F;","
NB CLoud;CZ3328JVHY;","
NB CLoud;CZ34122RM0;","
NB CLoud;CZJ2511H1B;","
NB CLoud;CZJ4500992;","
NB CLoud;CZ34122RMS;","
NB CLoud;CZ34122RLX;","
NB CLoud;CZ34122RMH;","
NB CLoud;CZJ2511H1K;","
NB CLoud;CZJ2390PR2;","
NB CLoud;CZ34122RM6;","
NB CLoud;CZ34122RMC;","
Not Manage;CZ34122RMX;","
NB Cloud;CZ25390H5J;","
NB Cloud;CZJ4500995;","
NB CLoud;CZJ2390PR5;","
NB CLoud;CZ34122RLX;","
NB CLoud;CZJ2511H1P;","
NB CLoud;CZ34122RMP;","
NB CLoud;CZJ2511H1Q;","
NB CLoud;CZ34122RLP;","
NB CLoud;CZJ2511H15;","
NB CLoud;CZ34122RLK;","
NB CLoud;CZ34122RMV;","
NB CLoud;CZ34122RM0;","
NB CLoud;CZJ2390PR2;","
NB CLoud;CZ34122RMH;","
NB CLoud;CZJ35106CF;","
NB CLoud;CZJ4500994;","
NB CLoud;CZJ2511H1Q;","
NB CLoud;CZ34122RM4;","
NB CLoud;CZJ2511H1B;","
NB CLoud;CZ34122RLP;","
NB CLoud;CZJ2511H1B;","
NB CLoud;CZJ35106CC;","
NB CLoud;CZ34122RME;","
NB CLoud;CZJ2390PR5;","
NB CLoud;CZ34122RMA;","
NB CLoud;CZJ2511H12;","
NB CLoud;CZ34122RMS;","
NB CLoud;CZJ4500993;","
Not Manage;CZ34122RMP;","
Not Manage;CZJ35106CF;","
NB CLoud;CZJ2511H1R;","
Not Manage;CZJ4500992;","
Not Manage;CZJ2511H15;","
NB Cloud;CZ34122RM4;","
NB CLoud;CZJ35106CC;","
Not Manage;CZ34122RMM;","
Not Manage;CZJ2511H1N;","
Not Manage;CZ34122RMK;","
Not Manage;CZJ2390PR5;","
Not Manage;CZ34122RLP;","
NB CLoud;;","
NB CLoud;CZ34122RMP;","
NB CLoud;CZ34122RM4;","
NB CLoud;CZJ2390PR9;","
NB CLoud;CZJ2511H1G;","
NB CLoud;CZ34122RMC;","
NB CLoud;CZJ4500992;","
NB CLoud;CZJ2511H1G;","
NB CLoud;CZ34122RMK;","
NB CLoud;CZ34122RM4;","
NB CLoud;CZ34122RM4;","
NB CLoud;CZJ2390PR2;","
NB CLoud;CZ34122RLK;","
NB CLoud;CZ34122RM2;","
NB CLoud;CZJ2511H1P;","
NB CLoud;CZ34122RME;","
NB CLoud;CZ34122RMH;","
NB CLoud;CZJ2390PR9;","
NB CLoud;CZ34122RMS;","
NB CLoud;CZJ450098W;","
NB CLoud;CZJ2390PR9;","
NB CLoud;CZ34122RMA;","
NB CLoud;CZJ2511H1Q;","
NB CLoud;CZ34122RMV;","
NB CLoud;CZJ450098W;","
NB CLoud;CZ34122RMV;","
NB CLoud;CZJ450098W;","
Not Manage;CZ34122RMP;","
NB CLoud;CZ34122RME;","
NB CLoud;CZ34122RMX;","
NB CLoud;CZJ450098W;","
NB CLoud;CZ25390H5M;","
NB CLoud;CZ25390H5M;","
NB CLoud;CZ34122RM8;","
NB CLoud;CZ34122RM2;","
NB CLoud;CZ34122RM6;","
NB CLoud;CZ25390H5L;","
NB CLoud;CZJ450098X;","
NB CLoud;CZ25390H5N;","
NB CLoud;CZJ450099F;","
NB CLoud;CZ25390H5N;","
NB CLoud;CZJ450099F;","
NB CLoud;CZ25390H5D;","
NB CLoud;CZJ450098X;","
NB CLoud;CZ25390H5N;","
NB CLoud;CZJ450098X;","
NB CLoud;CZ25390H5H;","
NB CLoud;CZ25390H5C;","
NB CLoud;CZ25390H5C;","
NB CLoud;CZ25390H5C;","
NB CLoud;CZ25390H5L;","
NB CLoud;CZJ450098Z;","
NB CLoud;CZ25390H5N;","
PH CMS;FCH23047B9W;","
PH CMS;FCH23047B9W;","
PH CMS;FCH213976A8;","
PH CMS;FCH21397663;","
PH CMS;FCH21377K07;","
NB CLoud;CZ25390H5F;","
NB CLoud;CZJ450098X;","
NB CLoud;CZ25390H5L;","
NB CLoud;CZJ4500995;","
NB CLoud;CZ25390H5K;","
NB CLoud;CZ25390H5C;","
NB CLoud;CZ25390H5K;","
NB CLoud;CZJ450099F;","
NB CLoud;CZ25390H5C;","
NB CLoud;CZJ4500995;","
NB CLoud;CZ25390H5M;","
NB CLoud;CZJ4500995;","
NB CLoud;CZ25390H5N;","
NB CLoud;CZJ450098X;","
NB CLoud;CZ25390H5G;","
NB CLoud;CZJ450098X;","
NB CLoud;CZ25390H5D;","
NB CLoud;CZ25390H5D;","
NB CLoud;CZ25390H5C;","
NB CLoud;CZJ450098Z;","
NB CLoud;CZ25390H5K;","
NB CLoud;CZJ450099G;","
NB CLoud;CZ25390H5F;","
NB CLoud;CZ25390H5K;","
NB CLoud;CZJ2511H12;","
NB CLoud;CZ34122RLP;","
NB CLoud;CZ34122RLP;","
NB CLoud;CZ34122RM6;","
NB CLoud;CZ34122RMK;","
NB CLoud;CZ34122RLV;","
NB CLoud;CZ34122RMK;","
NB CLoud;CZ34122RLK;","
NB CLoud;CZ34122RMS;","
NB CLoud;CZJ2511H10;","
NB CLoud;CZ34122RMM;","
NB CLoud;CZ3328JVHY;","
NB CLoud;CZ34122RLP;","
NB CLoud;CZJ2511H0V;","
NB CLoud;CZJ450098W;","
NB CLoud;CZJ2511H1F;","
NB CLoud;CZJ4500992;","
NB CLoud;CZJ2511H1P;","
NB CLoud;CZ34122RLP;","
NB CLoud;CZJ35106CF;","
NB CLoud;CZ34122RMK;","
NB CLoud;CZJ2511H1K;","
NB CLoud;CZ34122RMX;","
NB CLoud;CZJ2511H1N;","
NB CLoud;CZJ4500993;","
NB CLoud;CZ34122RMK;","
NB CLoud;CZ34122RLV;","
NB CLoud;CZJ4500994;","
NB CLoud;CZ25390H5K;","
NB CLoud;CZ25390H5L;","
NB CLoud;CZ25390H5L;","
NB CLoud;CZ25390H5F;","
NB CLoud;CZ25390H5J;","
NB CLoud;CZ25390H5K;","
NB CLoud;CZ25390H5L;","
NB CLoud;CZ25390H5M;","
NB CLoud;CZ25390H5G;","
NB CLoud;CZ25390H5F;","
PH CMS;FCH21377K07;","
NB CLoud;CZ25390H5F;","
NB CLoud;CZ25390H5H;","
NB CLoud;CZ25390H5D;","
NB CLoud;CZ34122RLV;","
NB CLoud;CZ34122RME;","
NB CLoud;CZJ2511H10;","
NB CLoud;CZ3328JVJ7;","
NB CLoud;CZJ2511H1G;","
NB CLoud;CZJ2511H12;","
NB CLoud;CZ3328JVHY;","
NB CLoud;CZ3328JVHY;","
NB CLoud;CZJ2511H1J;","
NB CLoud;CZJ450098Y;","
NB CLoud;CZ34122RLM;","
NB CLoud;CZJ2511H1K;","
NB CLoud;CZJ4500996;","
NB CLoud;CZJ2511H1P;","
NB CLoud;CZ34122RMS;","
NB CLoud;CZ34122RMH;","
NB CLoud;CZ34122RM0;","
NB CLoud;CZ3328JVHY;","
NB CLoud;CZ34122RMH;","
NB CLoud;CZJ2511H15;","
NB CLoud;CZJ2511H10;","
NB CLoud;CZJ450099D;","
NB CLoud;CZJ450099D;","
NB CLoud;CZJ4500997;","
NB CLoud;CZJ4500999;","
NB CLoud;CZJ2390PR9;","
NB CLoud;CZ23510BG3;","
NB CLoud;CZJ2511H1G;","
NB CLoud;CZJ450098Y;","
NB CLoud;CZJ4500997;","
NB CLoud;CZ3328JVJ3;","
NB CLoud;CZJ2511H0V;","
NB CLoud;CZ3325HKC5;","
NB CLoud;CZ3325HKC1;","
PH CMS;CZ3328JVJB;","
NB CLoud;CZ3328JVHT;","
PH CMS;CZ3328JVJF;","
NB CLoud;CZ3325HKC1;","
NB CLoud;CZJ4500999;","
NB CLoud;CZJ2390PR5;","
PH CMS;CZ23510BG3;","
NB CLoud;CZ3328JVHT;","
PH CMS;CZ3328JVJ7;","
NB CLoud;CZ3325HKBW;","
NB CLoud;CZ25390H5C;","
NB CLoud;CZ25390H5H;","
NB CLoud;CZ25390H5H;","
NB CLoud;CZ34122RMH;","
NB CLoud;CZ34122RME;","
NB CLoud;CZ34122RM8;","
NB CLoud;CZ34122RMK;","
NB CLoud;CZ34122RM0;","
NB CLoud;CZ34122RMS;","
NB CLoud;CZ34122RM8;","
NB CLoud;CZ34122RMH;","
NB CLoud;CZ34122RM8;","
NB CLoud;CZ34122RM8;","
NB CLoud;CZ34122RMH;","
NB CLoud;CZ34122RMX;","
NB CLoud;CZ34122RMA;","
NB CLoud;CZ34122RM8;","
NB CLoud;CZ25390H5M;","
NB CLoud;CZ25390H5F;","
NB CLoud;CZJ2511H1P;","
NB CLoud;CZJ2511H1J;","
NB CLoud;CZJ2511H12;","
NB CLoud;CZ34122RMA;","
NB CLoud;CZ34122RME;","
NB CLoud;CZJ4500999;","
NB CLoud;CZJ4500996;","
NB CLoud;CZJ4500997;","
NB CLoud;CZJ2511H1J;","
NB CLoud;CZ34122RMS;","
NB CLoud;CZ34122RMX;","
NB CLoud;CZJ35106CB;","
NB CLoud;CZJ2511H1R;","
NB CLoud;CZJ2511H1F;","
NB CLoud;CZJ2511H1Q;","
NB CLoud;CZJ2390PR2;","
NB CLoud;CZ34122RM4;","
NB CLoud;CZJ2511H15;","
NB CLoud;CZ34122RMM;","
NB CLoud;CZJ35106CB;","
NB CLoud;CZJ2511H1N;","
NB CLoud;CZJ2511H1J;","
NB Cloud;CZJ450098W;","
NB CLoud;CZJ4500994;","
NB CLoud;CZJ4500993;","
NB CLoud;CZ34122RM4;","
Not Manage;CZ34122RMV;","
Not Manage;CZJ2511H14;","
Not Manage;CZ34122RMC;","
NB CLoud;CZ34122RM4;","
NB CLoud;CZJ35106CB;","
NB CLoud;CZ25390H5M;","
NB CLoud;CZJ4500995;","
PH CMS;FCH21367NN2;","
NB CLoud;CZJ450098X;","
NB CLoud;CZJ35106CB;","
NB CLoud;CZ34122RMA;","
NB CLoud;CZ34122RLX;","
NB CLoud;CZJ2511H10;","
NB CLoud;CZ34122RM4;","
NB CLoud;CZJ2511H10;","
NB CLoud;CZ34122RMA;","
NB CLoud;CZJ2511H1K;","
NB CLoud;CZ34122RMS;","
NB CLoud;CZJ2511H1L;","
NB CLoud;CZJ4500993;","
NB CLoud;CZ34122RLK;","
NB CLoud;CZJ450098W;","
IBM;CZ3451KPN3;","
NB CLoud;CZJ2511H1K;","
NB CLoud;CZ25390H5J;","
NB Cloud;CZ34122RMP;","
NB CLoud;CZ3328JVHT;","
NB CLoud;CZJ35106CB;","
NB CLoud;CZ3325HKBW;","
NB CLoud;CZJ2390PR9;","
NB CLoud;CZ3325HKBW;","
NB CLoud;CZ3325HKBW;","
NB CLoud;CZ3328JVHY;","
NB CLoud;CZ3325HKC1;","
NB CLoud;CZ3328JVJB;","
NB CLoud;CZJ2390PR5;","
IBM;CZ34122RME;","
NB Cloud;CZ34122RM6;","
PH CMS;;","
PH CMS;;","
PH CMS;;","
PH CMS;;","
PH CMS;;","
PH CMS;;","
PH CMS;;","
PH CMS;FCH213973ZK;","
IBM;CZ25390H5G;","
IBM;CZJ450098Z;","
IBM;CZ25390H5N;","
IBM;CZJ4500995;","
IBM;CZ25390H5F;","
IBM;CZJ450099F;","
IBM;CZ25390H5L;","
IBM;CZ25390H5D;","
IBM;CZJ450099G;","
IBM;CZ25390H5H;","
IBM;CZJ4500991;","
IBM;CZ25390H5K;","
IBM;CZ25390H5C;","
IBM;CZ25390H5J;","
IBM;CZ25390H5M;","
PH CMS;06M4091;","
PH CMS;06T8142;","
IBM;06M4092;","
IBM;06T8148;","
IBM;06D3963;","
PH CMS;06T8142;","
IBM;CZJ450098X;","
PH CMS;06T8068;","
PH CMS;06T8142;","
PH CMS;06M4091;","
IBM;689027;","
IBM;06M4091;","
PH CMS;06M4091;","
PH CMS;06T8142;","
IBM;689040;","
IBM;689037;","
IBM;06T8142;","
IBM;06T8139;","
IBM;06V0102;","
IBM;06T8148;","
IBM;06M4091;","
IBM;06M4092;","
IBM;06T8068;","
IBM;06D3963;","
IBM;06D3994;","
IBM;06ZDFG4;","
IBM;689040;","
IBM;689034;","
IBM;689041;","
IBM;06D3961;","
IBM;689042;","
IBM;06M4100;","
IBM;689038;","
IBM;689031;","
IBM;646575;","
IBM;06X6492;","
IBM;06YGGK2;","
IBM;06ZDFF9;","
IBM;06ZDFG0;","
IBM;06ZDFG2;","
IBM;06ZDFG5;","
IBM;06ZDFG3;","
IBM;06ZDPZ6;","
IBM;06T8068;","
IBM;06T8062;","
PH CMS;06V0102;","
PH CMS;06T8148;","
PH CMS;06YGGK2;","
PH CMS;06V0102;","
PH CMS;06ZDFF9;","
PH CMS;06T8148;","
IBM;FCH21377K07;","
IBM;FCH21367NN2;","
IBM;FCH21397663;","
IBM;FCH21377H1A;","
IBM;689027;","
IBM;689037;","
PH CMS;06T8068;","
PH CMS;06M4091;","
PH CMS;06T8142;","
PH CMS;06T8148;","
PH CMS;06T8142;","
PH CMS;06T8148;","
PH CMS;06T8148;","
PH CMS;06T8139;","
PH CMS;06M4091;","
PH CMS;06M4091;","
PH CMS;06T8139;","
PH CMS;06T8142;","
PH CMS;06T8139;","
PH CMS;06M4091;","
PH CMS;06M4091;","
PH CMS;06M4091;","
PH CMS;06T8068;","
PH CMS;06T8142;","
PH CMS;06T8148;","
PH CMS;06M4091;","
PH CMS;06T8142;","
PH CMS;06M4091;","
PH CMS;06T8148;","
PH CMS;06M4091;","
PH CMS;06T8139;","
PH CMS;06YGGK2;","
PH CMS;06T8139;","
PH CMS;689031;","
PH CMS;06T8142;","
PH CMS;06T8148;","
PH CMS;06T8139;","
PH CMS;06T8142;","
PH CMS;06T8139;","
PH CMS;06M4091;","
PH CMS;06T8142;","
PH CMS;06T8148;","
PH CMS;06M4091;","
PH CMS;06M4091;","
PH CMS;06T8142;","
PH CMS;06T8139;","
PH CMS;06T8148;","
PH CMS;06T8139;","
PH CMS;06T8139;","
PH CMS;06T8142;","
PH CMS;06T8068;","
PH CMS;06T8148;","
PH CMS;06M4091;","
PH CMS;06T8139;","
PH CMS;06T8142;","
PH CMS;06T8142;","
PH CMS;06T8148;","
IBM;06T8148;","
IBM;06T8142;","
PH CMS;06M4091;","
PH CMS;06T8148;","
PH CMS;06V0102;","
PH CMS;06T8148;","
PH CMS;06T8139;","
PH CMS;06YGGK2;","
PH CMS;06ZDFF9;","
PH CMS;06YGGK2;","
PH CMS;06ZDFF9;","
PH CMS;06V0102;","
PH CMS;06M4091;","
PH CMS;06T8139;","
PH CMS;06T8139;","
PH CMS;06T8139;","
PH CMS;06T8142;","
PH CMS;06T8148;","
PH CMS;06V0102;","
PH CMS;06V0102;","
PH CMS;06M4091;","
PH CMS;06T8139;","
PH CMS;06T8142;","
PH CMS;06T8142;","
PH CMS;06T8142;","
PH CMS;06T8142;","
PH CMS;06T8139;","
PH CMS;06T8139;","
PH CMS;06T8142;","
PH CMS;06T8142;","
PH CMS;06T8142;","
PH CMS;06V0102;","
PH CMS;06V0102;","
PH CMS;06ZDFG0;","
PH CMS;FCH213976B1;","
NB CLoud;CZJ450099F;","
NB CLoud;CZ25390H5J;","
NB CLoud;CZ36505L38;","
PH CMS;FCH21377JS2;","
PH CMS;FCH21377JS2;","
NB CLoud;CZ3325HKC5;","
IBM;06V0102;","
IBM;CZ23510BG3;","
PH CMS;689040;","
PH CMS;06M4100;","
PH CMS;689040;","
PH CMS;;","
PH CMS;;","
PH CMS;;","
IBM;;","
PH CMS;06M4091;","
PH CMS;06M4092;","
PH CMS;06T8148;","
PH CMS;06T8148;","
PH CMS;06M4092;","
PH CMS;06M4092;","
PH CMS;06T8142;","
PH CMS;06T8142;","
PH CMS Not Manage;06T8142;","
PH CMS Not Manage;06M4091;","
PH CMS;06M4092;","
Not Manage;CZ3328JVHY;","
Not Manage;CZ3325HKC5;","
Not Manage;CZ23510BG3;","
PH CMS;FCH212675BL;","
PH CMS;FCH21377JVV;","
NB CLoud;CZ25390H5K;","
NB CLoud;CZ25390H5G;","
NB CLoud;CZ25390H5H;","
NB CLoud;CZ25390H5H;","
PH CMS Not Manage;06T8068;","
PH CMS Not Manage;06T8139;","
PH CMS Not Manage;06M4092;","
PH CMS Not Manage;06M4091;","
PH CMS Not Manage;06T8068;","
PH CMS Not Manage;06T8139;","
PH CMS Not Manage;06M4092;","
PH CMS Not Manage;06T8068;","
PH CMS Not Manage;06M4092;","
PH CMS Not Manage;06T8148;","
PH CMS;FCH21367NN2;","
PH CMS;FCH21377JVV;","
PH CMS;06ZDFG2;","
PH CMS Not Manage;646575;","
PH CMS Not Manage;06D3963;","
PH CMS Not Manage;689040;","
PH CMS Not Manage;689040;","
PH CMS Not Manage;689038;","
PH CMS Not Manage;689040;","
PH CMS Not Manage;06X6492;","
PH CMS Not Manage;06D3994;","
PH CMS Not Manage;646575;","
PH CMS Not Manage;06D3961;","
PH CMS Not Manage;06M4100;","
PH CMS;06D3961;","
PH CMS;06ZDPZ6;","
PH CMS;06ZDFG3;","
Not Manage;CZ34122RM4;","
NB CLoud;CZ3328JVJ7;","
IBM;06ZDFF9;","
PH CMS;06T8142;","
NB Cloud;CZJ450098X;","
PH CMS;06M4091;","
PH CMS;06M4091;","
PH CMS;06T8068;","
PH CMS;06M4091;","
PH CMS;06M4091;","
PH CMS;06T8142;","
PH CMS;06M4091;","
PH CMS;06M4091;","
PH CMS;06T8142;","
PH CMS;06M4091;","
PH CMS;06M4091;","
PH CMS;06T8142;","
PH CMS;06T8148;","
PH CMS;06T8142;","
PH CMS;06T8142;","
PH CMS;06T8142;","
PH CMS;06T8139;","
PH CMS;06T8148;","
PH CMS;06ZDFG3;","
PH CMS;06M4091;","
PH CMS;06V0102;","
PH CMS;06V0102;","
PH CMS;06M4091;","
PH CMS;06T8148;","
PH CMS;06M4091;","
PH CMS;06T8148;","
PH CMS;06T8139;","
NB CLoud;CZ3328JVJ7;","
NB CLoud;CZJ2390PR5;","
PH CMS;FCH213976B1;","
NB Cloud;CZJ450099G;","
NB CLoud;CZJ450098Z;","
PH CMS;06T8139;","
PH CMS;06T8068;","
PH CMS;06M4091;","
PH CMS;06M4091;","
PH CMS;06ZDFG3;","
NB CLoud;CZ3328JVJ7;","
NB Cloud;CZJ2511H1F;","
PH CMS;FCH213976B1;","
NB Cloud;CZJ450099G;","
PH CMS;06M4091;","
PH CMS;06M4092;","
PH CMS;06ZDFF9;","
PH CMS;06M4091;","
PH CMS;06M4091;","
PH CMS;06T8148;","
PH CMS;06T8068;","
PH CMS;06ZDFG0;","
PH CMS;06M4092;","
PH CMS;06T8139;","
PH CMS;689038;","
PH CMS;06M4100;","
NB CLoud;CZJ450098Z;","
PH CMS;689031;","
PH CMS;06X6492;","
NB Cloud;CZJ450099G;","
PH CMS;689031;","
PH CMS;06D3963;","
PH CMS;06D3963;","
NB CLoud;CZ25390H5F;","
PH CMS;689042;","
PH CMS;689040;","
PH CMS;06M4091;","
PH CMS;689042;","
PH CMS;689031;","
PH CMS;689031;","
NB CLoud;CZ3328JVJF;","
PH CMS;06T8148;","
NB CLoud;CZJ35106CF;","
NB CLoud;CZ3328JVHT;","
PH CMS;06M4100;","
PH CMS;646575;","
PH CMS;06ZDFF9;","
NB CLoud;CZ3328JVHY;","
NB CLoud;CZ34122RM6;","
NB Cloud;CZJ35106CF;","
PH CMS;06YGGK2;","
PH CMS;06ZDFF9;","
IBM;06T8062;","
PH CMS;06M4091;","
PH CMS;689040;","
PH CMS Not Manage;06D3961;","
PH CMS Not Manage;06D3963;","
Not Manage;CZJ4500995;","
PH CMS;06T8062;","
IBM;06T8062;","
NB Cloud;CZ25390H5K;","
NB Cloud;CZ3351WW2Y;","
NB Cloud;CZ3328JVJB;","
NB Cloud;CZ3328JVJB;","
NB Cloud;CZ3328JVHY;","
NB Cloud;CZ25390H5G;","
NB Cloud;CZ23510BG3;","
NB Cloud;CZ23510BG3;","
NB Cloud;CZ3328JVJB;","
Not Manage;CZJ2511H1G;","
Not Manage;CZJ4500991;","
Not Manage;CZ25390H5H;","
Not Manage;CZ3328JVJF;","
Not Manage;CZ3325HKC5;","
Not Manage;CZJ4500995;","
Not Manage;CZJ450099G;","
Not Manage;CZ25390H5K;","
Not Manage;CZ25390H5G;","
NB Cloud;CZJ450099G;","
NB Cloud;CZ25390H5G;","
NB Cloud;CZ3328JVHY;","
NB Cloud;CZ3328JVJ7;","
NB Cloud;CZ3328JVJF;","
PH CMS;FCH21377JS2;","
PH CMS;FCH21377JS2;","
PH CMS;FCH21377JS2;","
NB Cloud;CZ34122RME;","
NB Cloud;CZ3328JVJ7;","
Not Manage;CZ25390H5L;","
Not Manage;CZ25390H5M;","
NB Cloud;CZJ2511H14;","
Not Manage;CZ25390H5J;","
Not Manage;CZ25390H5J;","
Not Manage;CZ25390H5J;","
Not Manage;CZ25390H5J;","
Not Manage;CZ25390H5C;","
Not Manage;CZ25390H5J;","
Not Manage;CZ25390H5J;","
Not Manage;CZ25390H5J;","
Not Manage;CZ25390H5C;","
Not Manage;CZ25390H5M;","
Not Manage;CZ25390H5J;","
Not Manage;CZ25390H5J;","
Not Manage;CZ25390H5J;","
NB CLoud;CZ25390H5J;","
NB Cloud;CZ25390H5J;","
NB Cloud;CZ25390H5M;","
NB Cloud;CZ25390H5H;","
Not Manage;CZ25390H5C;","
Not Manage;CZ25390H5G;","
Not Manage;CZ25390H5J;","
Not Manage;CZ25390H5D;","
NB Cloud;CZ34122RMH;","
IBM;FCH21377K07;","
IBM;FCH21367NN2;","
PH CMS;CZJ35106CF;","
PH CMS;CZJ2511H12;","
PH CMS;CZ3328JVJ3;","
PH CMS;CZ23510BG3;","
NB Cloud;CZJ2511H1L;","
NB Cloud;CZ3328JVJF;","
NB Cloud;CZ34122RMK;","
NB Cloud;CZ34122RM6;","
NB Cloud;CZ25390H5J;","
NB Cloud;CZ3328JVJF;","
NB Cloud;CZ3328JVJF;","
NB Cloud;CZ3328JVJ7;","
NB Cloud;CZ3325HKBW;","
NB Cloud;CZ3328JVHT;","
NB Cloud;CZ34122RLX;","
NB Cloud;CZ34122RMX;","
NB Cloud;CZJ35106CF;","
PH CMS;06ZDFF9;","
NB Cloud;CZ3328JVJ7;","
NB Cloud;CZ3328JVJ7;","
NB Cloud;CZ3328JVJ7;","
IBM;FCH213973ZK;","
IBM;FCH21377JS2;","
IBM;FCH213976U1;","
IBM;FCH212675BL;","
IBM;FCH213976B1;","
IBM;FCH21377JVV;","
Not Manage;CZ25390H5D;","
Not Manage;CZ25390H5D;","
Not Manage;CZ25390H5D;","
Not Manage;CZ25390H5D;","
Not Manage;CZ25390H5K;","
NB Cloud;CZJ2511H1L;","
NB Cloud;CZ34122RLS;","
NB Cloud;CZ34122RLS;","
NB Cloud;CZ34122RMX;","
IBM;FCH213976C4;","
NB Cloud;CZJ35106CF;","
NB Cloud;CZJ35106CC;","
IBM;CZJ450098W;","
NB Cloud;CZ23510BG3;","
NB Cloud;CZ34122RM0;","
NB Cloud;CZ3328JVJF;","
NB Cloud;CZ3325HKC5;","
NB Cloud;CZ3328JVJ3;","
PH CMS;06M4091;","
NB Cloud;CZ3328JVJF;","
NB Cloud;CZ3328JVJF;","
NB Cloud;CZ3328JVJB;","
NB Cloud;CZ3328JVJB;","
PH CMS;689038;","
NB Cloud;CZ34122RLH;","
NB Cloud;CZ34122RLS;","
PH CMS;FCH23047B9W;","
PH CMS;FCH23047B9W;","
PH CMS;FCH23047B9W;","
IBM;FCH230570V0;","
IBM;FCH230475P7;","
IBM;FCH230570V0;","
IBM;FCH230570ZL;","
IBM;FCH23047B9W;","
IBM;FCH230571K2;","
IBM;FCH23047BUK;","
PH CMS Not Manage;FCH23047B9W;","
PH CMS Not Manage;FCH23047B9W;","
PH CMS Not Manage;FCH23047B9W;","
PH CMS Not Manage;FCH23047B9W;","
PH CMS Not Manage;FCH23047B9W;","
PH CMS Not Manage;FCH23047B9W;","
PH CMS Not Manage;FCH23047B9W;","
PH CMS Not Manage;FCH23047B9W;","
PH CMS Not Manage;FCH23047B9W;","
PH CMS Not Manage;FCH23047B9W;","
PH CMS Not Manage;FCH23047B9W;","
PH CMS Not Manage;FCH23047B9W;","
PH CMS Not Manage;FCH23047B9W;","
PH CMS Not Manage;FCH23047B9W;","
PH CMS Not Manage;FCH23047B9W;","
PH CMS Not Manage;FCH23047B9W;","
PH CMS Not Manage;FCH23047B9W;","
PH CMS Not Manage;FCH23047B9W;","
PH CMS Not Manage;FCH23047B9W;","
PH CMS Not Manage;FCH23047B9W;","
PH CMS;FCH21377JS2;","
NB Cloud;CZ3325HKBW;","
NB Cloud;CZ3325HKBW;","
PH CMS;FCH21377JS2;","
PH CMS;FCH213973ZK;","
Not Manage;CZJ2511H1R;","
PH CMS;FCH230475P7;","
PH CMS;FCH230570V0;","
PH CMS;FCH230570V0;","
PH CMS;FCH230475P7;","
PH CMS;06M4100;","
PH CMS;FCH230570V0;","
PH CMS;FCH21377JS2;","
PH CMS;FCH21377JS2;","
IBM;FCH21377JS2;","
PH CMS;689034;","
PH CMS;689031;","
IBM;FCH230570ZL;","
PH CMS Not Manage;FCH212675BL;","
PH CMS Not Manage;FCH23047BUK;","
PH CMS Not Manage;FCH213976U1;","
PH CMS Not Manage;FCH230475P7;","
PH CMS Not Manage;FCH212675BL;","
IBM;FCH213973ZK;","
IBM;FCH21377JS2;","
IBM;FCH213976U1;","
IBM;FCH213976C4;","
IBM;FCH212675BL;","
IBM;FCH213976B1;","
IBM;FCH21377JVV;","
IBM;FCH2305712W;","
IBM;FCH230475NX;","
IBM;FCH230475P7;","
IBM;FCH230570V0;","
IBM;FCH230570ZL;","
IBM;FCH23047B46;","
IBM;FCH23047B9W;","
IBM;FCH230571K2;","
IBM;FCH23047BUK;","
IBM;FCH230571K2;","
IBM;FCH23047B46;","
IBM;FCH23047BUK;","
IBM;FCH230571K2;","
IBM;FCH230570ZL;","
IBM;FCH230570ZL;","
IBM;KQ6R2NP;","
IBM;KQ6R2NL;","
PH CMS;06DD1DP;","
PH CMS;06DD1DP;","
PH CMS;06DD1DP;","
PH CMS;06DD1DP;","
PH CMS;06DD1DP;","
PH CMS;06DD1DP;","
PH CMS;06DD1DP;","
PH CMS;06DD1DP;","
PH CMS;06DD1DP;","
PH CMS;FCH21377JS2;","
PH CMS;FCH213976U1;","
PH CMS;FCH213976C4;","
PH CMS;FCH213976U1;","
PH CMS;FCH21377JS2;","
PH CMS Not Manage;FCH23047BUK;","
PH CMS Not Manage;FCH23047BUK;","
PH CMS Not Manage;FCH23047BUK;","
PH CMS;FCH213976U1;","
PH CMS;FCH213976U1;","
PH CMS;FCH21377JS2;","
PH CMS;FCH23047B46;","
PH CMS;FCH230475P7;","
PH CMS;FCH213976C4;","
PH CMS;FCH213976B1;","
PH CMS;FCH213976B1;","
PH CMS;FCH213976B1;","
PH CMS Not Manage;FCH212675BL;","
PH CMS Not Manage;FCH213976B1;","
PH CMS Not Manage;FCH213976B1;","
PH CMS Not Manage;FCH23047BUK;","
PH CMS Not Manage;FCH23047B9W;","
PH CMS Not Manage;FCH230571K2;","
PH CMS;FCH23047B46;","
PH CMS;FCH230570ZL;","
PH CMS;FCH23047B46;","
PH CMS;FCH23047B46;","
PH CMS;FCH230475P7;","
PH CMS;FCH213976C4;","
IBM;FCH21377JS2;","
PH CMS;FCH230475P7;","
PH CMS;FCH230570ZL;","
PH CMS;FCH23047B46;","
PH CMS;FCH23047B46;","
PH CMS;FCH230475P7;","
PH CMS;FCH230475P7;","
PH CMS;FCH230570V0;","
PH CMS;FCH230570V0;","
PH CMS;FCH23047B46;","
PH CMS;FCH230570V0;","
IBM;FCH213976C4;","
PH CMS;FCH230475P7;","
PH CMS;FCH230570ZL;","
PH CMS;FCH230570ZL;","
PH CMS;FCH230570ZL;","
PH CMS;FCH23047B46;","
PH CMS;FCH23047B46;","
PH CMS;FCH23047B46;","
PH CMS;FCH213976C4;","
PH CMS;FCH213976C4;","
PH CMS;FCH213973ZK;","
PH CMS;FCH213976U1;","
PH CMS;FCH213976C4;","
PH CMS;FCH230570ZL;","
IBM;FCH213976C4;","
IBM;FCH21377JS2;","
PH CMS;FCH213973ZK;","
IBM;FCH213976U1;","
IBM;FCH21377JS2;","
PH CMS;FCH213976B1;","
PH CMS;FCH23047B9W;","
PH CMS;FCH213973ZK;","
PH CMS;FCH230570V0;","
IBM;FCH213973ZK;","
PH CMS;FCH21377JS2;","
PH CMS;FCH230475P7;","
PH CMS;FCH230570ZL;","
PH CMS;FCH230570ZL;","
PH CMS;FCH213976U1;","
NB Cloud;CZJ2511H1L;","
NB Cloud;CZ34122RMS;","
NB Cloud;CZJ2511H1L;","
PH CMS;FCH230570ZL;","
PH CMS;FCH230570V0;","
PH CMS;FCH23047B46;","
PH CMS;FCH23047B46;","
PH CMS;FCH230570V0;","
PH CMS;FCH23047BUK;","
PH CMS;FCH230571K2;","
PH CMS;FCH212675BL;","
PH CMS;FCH212675BL;","
PH CMS;FCH212675BL;","
PH CMS;FCH212675BL;","
PH CMS;FCH230570V0;","
PH CMS;FCH23047B46;","
PH CMS;FCH230570V0;","
PH CMS;FCH213976U1;","
PH CMS;FCH23047B46;","
PH CMS;FCH213976C4;","
PH CMS;FCH230570ZL;","
IBM;FCH213973ZK;","
IBM;FCH212675BL;","
IBM;FCH21377JVV;","
IBM;FCH230475P7;","
IBM;FCH230570ZL;","
IBM;FCH230571K2;","
IBM;FCH23047BUK;","
IBM;FCH230570ZL;","
IBM;FCH23047B9W;","
PH CMS;FCH213973ZK;","
PH CMS;FCH230570ZL;","
PH CMS;FCH230475P7;","
PH CMS;FCH213976C4;","
PH CMS;FCH23047B46;","
PH CMS;FCH230475P7;","
PH CMS;FCH213973ZK;","
PH CMS;FCH213973ZK;","
PH CMS;FCH213973ZK;","
PH CMS;FCH213976C4;","
PH CMS;FCH23047B46;","
PH CMS;FCH23047B46;","
PH CMS;FCH213973ZK;","
PH CMS;FCH213976C4;","
PH CMS;FCH230475P7;","
PH CMS;FCH23047B46;","
PH CMS;FCH23047B46;","
PH CMS;FCH230570ZL;","
PH CMS;FCH230570ZL;","
PH CMS;FCH213976C4;","
PH CMS;FCH213976C4;","
PH CMS;FCH230570ZL;","
PH CMS;FCH23047B46;","
PH CMS;FCH23047B46;","
PH CMS;FCH230570ZL;","
PH CMS;FCH230570ZL;","
PH CMS;FCH23047B46;","
PH CMS;FCH213976C4;","
Not Manage;CZ34122RLX;","
IBM;FCH230570V0;","
PH CMS;FCH230570ZL;","
PH CMS;FCH213976U1;","
PH CMS;FCH230570ZL;","
PH CMS;FCH230475P7;","
PH CMS;FCH230570V0;","
PH CMS;FCH230475P7;","
PH CMS;FCH212675BL;","
PH CMS;FCH213976B1;","
PH CMS;FCH21377JVV;","
IBM;06ECE0P;","
IBM;06M4094;","
IBM;689029;","
PH CMS;10A06E2;","
PH CMS;10A06E2;","
PH CMS;06ECE0P;","
PH CMS;10A06E2;","
PH CMS;10A06E2;","
PH CMS;10A06E2;","
PH CMS;06ECE0P;","
PH CMS;10A06E2;","
PH CMS;06ECE0P;","
PH CMS;FCH230571K2;","
IBM;FCH213976C4;","
IBM;FCH230475P7;","
PH CMS;FCH212675BL;","
PH CMS;FCH230570ZL;","
PH CMS;FCH21377JS2;","
PH CMS;FCH213973ZK;","
NB Cloud;CZ34122RMH;","
PH CMS Not Manage;FCH213973ZK;","
IBM;FCH213976U1;","
IBM;FCH213973ZK;","
IBM;FCH23047B46;","
IBM;FCH213976C4;","
IBM;6540C5P;","
PH CMS;6540C5P;","
PH CMS;6540C5P;","
PH CMS;6540C5P;","
PH CMS;6540C5P;","
PH CMS;FCH230570V0;","
PH CMS;FCH213976U1;","
PH CMS;FCH213976U1;","
PH CMS;FCH213976C4;","
PH CMS;FCH213973ZK;","
PH CMS;FCH213976C4;","
PH CMS;FCH230570ZL;","
PH CMS;FCH213973ZK;","
PH CMS;FCH23047B46;","
PH CMS;FCH213973ZK;","
PH CMS;FCH23047B46;","
IBM;FCH230570ZL;","
PH CMS;FCH230475P7;","
IBM;CZ34122RMS;","
IBM;CZ34122RMA;","
IBM;CZ3328JVHT;","
IBM;CZ3325HKC1;","
PH CMS;FCH213976C4;","
IBM;FCH21377JS2;","
PH CMS;FCH213973ZK;","
IBM;FCH213973ZK;","
PH CMS Not Manage;FCH213976B1;","
PH CMS;FCH230475P7;","
IBM;FCH23047B46;","
PH CMS;FCH230475P7;","
PH CMS;FCH230475P7;","
PH CMS;FCH23047B46;","
PH CMS;06ZDFG5;","
PH CMS Not Manage;FCH213976A8;","
PH CMS Not Manage;FCH213976C4;","
PH CMS;FCH213973ZK;","
PH CMS;FCH213976A8;","
PH CMS;FCH213976U1;","
PH CMS;FCH213976U1;","
PH CMS;FCH213976A8;","
PH CMS;FCH213976A8;","
PH CMS;FCH213973ZK;","
PH CMS;FCH213976C4;","
PH CMS;FCH213976U1;","
PH CMS;FCH213973ZK;","
PH CMS Not Manage;FCH213976B1;","
PH CMS;FCH212675BL;","
PH CMS;FCH212675BL;","
PH CMS Not Manage;FCH23047B46;","
IBM;FCH230570ZL;","
IBM;FCH230570V0;","
PH CMS;FCH230570ZL;","
PH CMS;FCH230475P7;","
PH CMS;FCH230475P7;","
PH CMS;FCH230475P7;","
PH CMS;FCH230570V0;","
PH CMS;FCH23047B46;","
PH CMS;FCH230570V0;","
PH CMS;FCH230475P7;","
PH CMS;FCH23047B46;","
PH CMS;FCH23047B46;","
PH CMS;FCH230570ZL;","
PH CMS;FCH230570ZL;","
PH CMS;FCH230570ZL;","
PH CMS;FCH23047B46;","
PH CMS Not Manage;FCH23047BUK;","
PH CMS Not Manage;FCH230571K2;","
